ctime,schemaname,relname,seq_scan,seq_tup_read,idx_scan,idx_tup_fetch,n_tup_ins,n_tup_upd,n_tup_del,n_tup_hot_upd,n_live_tup,n_dead_tup,heap_blks_read,heap_blks_hit,idx_blks_read,idx_blks_hit,toast_blks_read,toast_blks_hit,tidx_blks_read,tidx_blks_hit
1430927066.2241,pg_catalog,pg_auth_members,24,0,0,0,0,0,0,0,0,0,0,0,0,0,,,,
1430927066.2241,pg_catalog,pg_operator,3,2295,264,1394,0,0,0,0,765,0,42,981,20,600,,,,
1430927066.2241,pg_catalog,pg_aggregate,2,266,3,3,0,0,0,0,133,0,5,4,4,2,,,,
1430927066.2241,pg_catalog,pg_pltemplate,16,128,0,0,0,0,0,0,8,0,16,8,0,0,,,,
1430927066.2241,public,history,1,120000,,,120004,0,0,0,120004,0,2575,5143,,,,,,
1430927066.2241,pg_catalog,pg_description,2,7372,252,0,0,0,0,0,3686,0,64,32,6,501,0,0,0,0
1430927066.2241,pg_catalog,pg_language,4,16,10,10,0,0,0,0,4,0,2,13,4,18,,,,
1430927066.2241,information_schema,sql_sizing_profiles,1,0,,,0,0,0,0,0,0,0,0,,,0,0,0,0
1430927066.2241,pg_catalog,pg_ts_parser,3,3,0,0,0,0,0,0,1,0,2,2,0,0,,,,
1430927066.2241,public,item,4,400000,66,66,100000,0,0,0,100000,0,2623,9090,52,85,,,,
1430927066.2241,pg_catalog,pg_event_trigger,3,0,27,0,0,0,0,0,0,0,0,0,2,25,,,,
1430927066.2241,pg_catalog,pg_shseclabel,16,0,7,0,0,0,0,0,0,0,0,0,7,0,,,,
1430927066.2241,pg_catalog,pg_foreign_table,2,0,0,0,0,0,0,0,0,0,0,0,0,0,,,,
1430927066.2241,pg_toast,pg_toast_12659,0,0,0,0,0,0,0,0,0,0,0,0,0,0,,,,
1430927066.2241,public,new_order,4,144000,0,0,36006,0,0,0,36006,0,393,1366,6,12,,,,
1430927066.2241,pg_catalog,pg_attrdef,3,0,0,0,0,0,0,0,0,0,0,0,0,0,0,0,0,0
1430927066.2241,pg_catalog,pg_ts_template,3,15,0,0,0,0,0,0,5,0,2,2,0,0,,,,
1430927066.2241,pg_catalog,pg_foreign_server,3,0,0,0,0,0,0,0,0,0,0,0,0,0,,,,
1430927066.2241,pg_catalog,pg_default_acl,3,0,59,0,0,0,0,0,0,0,0,0,2,57,,,,
1430927066.2241,pg_toast,pg_toast_12634,0,0,0,0,0,0,0,0,0,0,0,0,0,0,,,,
1430927066.2241,pg_catalog,pg_attribute,26,7916,2864,10326,1401,20,1219,3,2491,1219,149,6373,37,11515,,,,
1430927066.2241,pg_catalog,pg_statistic,2,798,1204,1019,92,423,0,67,92,383,69,2298,13,3345,34,304,4,258
1430927066.2241,information_schema,sql_sizing,1,23,,,0,0,0,0,23,0,2,0,,,0,0,0,0
1430927066.2241,pg_toast,pg_toast_2618,0,0,67,209,0,0,0,0,0,0,45,46,4,69,,,,
1430927066.2241,pg_toast,pg_toast_3596,0,0,0,0,0,0,0,0,0,0,0,0,0,0,,,,
1430927066.2241,public,stock,4,1600000,132,132,400000,66,0,0,400000,66,99188,41258,62,541,,,,
1430927066.2241,pg_catalog,pg_depend,3,20214,2731,2507,348,0,256,0,6672,256,106,3178,39,6884,,,,
1430927066.2241,public,customer,6,720000,16,20,120000,4,0,0,120000,4,66924,28917,19,85,,,,
1430927066.2241,information_schema,sql_languages,1,4,,,0,0,0,0,4,0,2,0,,,0,0,0,0
1430927066.2241,pg_catalog,pg_opclass,7,388,395,5045,0,0,0,0,128,0,9,1786,12,506,,,,
1430927066.2241,pg_catalog,pg_proc,3,8073,319,378,6,0,0,0,2691,0,158,497,33,721,0,0,0,0
1430927066.2241,pg_catalog,pg_trigger,4,0,0,0,0,0,0,0,0,0,0,0,0,0,0,0,0,0
1430927066.2241,pg_catalog,pg_am,112,124,0,0,0,0,0,0,5,0,3,110,0,0,,,,
1430927066.2241,pg_catalog,pg_largeobject_metadata,2,0,0,0,0,0,0,0,0,0,0,0,0,0,,,,
1430927066.2241,pg_catalog,pg_ts_config_map,2,608,0,0,0,0,0,0,304,0,4,2,0,0,,,,
1430927066.2241,pg_catalog,pg_type,3,1099,1497,1138,173,0,151,0,361,151,30,1514,20,3621,,,,
1430927066.2241,pg_catalog,pg_shdepend,24,24,2718,680,0,0,0,0,1,0,16,696,64,2829,,,,
1430927066.2241,pg_catalog,pg_conversion,4,528,0,0,0,0,0,0,132,0,6,9,0,0,,,,
1430927066.2241,pg_catalog,pg_foreign_data_wrapper,3,0,0,0,0,0,0,0,0,0,0,0,0,0,,,,
1430927066.2241,pg_catalog,pg_opfamily,3,258,0,0,0,0,0,0,86,0,4,4,0,0,,,,
1430927066.2241,pg_catalog,pg_shdescription,16,48,7,0,0,0,0,0,3,0,16,8,14,0,0,0,0,0
1430927066.2241,pg_catalog,pg_tablespace,47,94,573,573,0,0,0,0,2,0,22,606,34,1124,,,,
1430927066.2241,pg_catalog,pg_inherits,3,0,84,0,0,0,0,0,0,0,0,0,2,82,,,,
1430927066.2241,pg_toast,pg_toast_2606,0,0,0,0,0,0,0,0,0,0,0,0,0,0,,,,
1430927066.2241,pg_toast,pg_toast_2964,0,0,0,0,0,0,0,0,0,0,0,0,0,0,,,,
1430927066.2241,pg_catalog,pg_database,281,999,3906,3890,8,0,7,0,4,0,8,4201,78,5904,,,,
1430927066.2241,pg_toast,pg_toast_2620,0,0,0,0,0,0,0,0,0,0,0,0,0,0,,,,
1430927066.2241,pg_catalog,pg_amproc,7,1040,291,468,0,0,0,0,344,0,9,293,9,671,,,,
1430927066.2241,pg_catalog,pg_collation,3,2766,0,0,0,0,0,0,922,0,56,56,0,0,,,,
1430927066.2241,pg_catalog,pg_constraint,5,50,8,0,8,0,0,0,10,0,6,33,8,64,0,0,0,0
1430927066.2241,pg_catalog,pg_range,2,12,2,0,0,0,0,0,6,0,2,1,2,2,,,,
1430927066.2241,pg_toast,pg_toast_12639,0,0,0,0,0,0,0,0,0,0,0,0,0,0,,,,
1430927066.2241,pg_toast,pg_toast_12654,0,0,0,0,0,0,0,0,0,0,0,0,0,0,,,,
1430927066.2241,pg_catalog,pg_user_mapping,3,0,0,0,0,0,0,0,0,0,0,0,0,0,,,,
1430927066.2241,pg_catalog,pg_largeobject,2,0,0,0,0,0,0,0,0,0,0,0,0,0,,,,
1430927066.2241,pg_catalog,pg_namespace,7,42,330,245,0,0,0,0,6,0,3,250,11,423,,,,
1430927066.2241,information_schema,sql_packages,1,10,,,0,0,0,0,10,0,2,0,,,0,0,0,0
1430927066.2241,pg_catalog,pg_authid,139,139,1805,1805,0,0,0,0,1,0,22,1930,72,3542,,,,
1430927066.2241,pg_catalog,pg_index,25,1081,1093,1344,27,0,17,0,123,17,13,1201,12,1310,,,,
1430927066.2241,pg_catalog,pg_ts_dict,3,48,0,0,0,0,0,0,16,0,2,2,0,0,,,,
1430927066.2241,public,order_line,4,4552236,0,0,1138125,0,0,0,1138125,0,80122,34466,11,198,,,,
1430927066.2241,pg_catalog,pg_class,53,5684,3445,3096,122,324,101,41,316,409,34,4988,34,8731,,,,
1430927066.2241,pg_toast,pg_toast_2396,0,0,0,0,0,0,0,0,0,0,0,0,0,0,,,,
1430927066.2241,pg_catalog,pg_enum,4,0,0,0,0,0,0,0,0,0,0,0,0,0,,,,
1430927066.2241,pg_catalog,pg_db_role_setting,23,0,4120,0,0,0,0,0,0,0,0,0,17,4103,0,0,0,0
1430927066.2241,pg_toast,pg_toast_12649,0,0,0,0,0,0,0,0,0,0,0,0,0,0,,,,
1430927066.2241,information_schema,sql_parts,1,9,,,0,0,0,0,9,0,2,0,,,0,0,0,0
1430927066.2241,pg_catalog,pg_seclabel,2,0,252,0,0,0,0,0,0,0,0,0,2,250,0,0,0,0
1430927066.2241,information_schema,sql_implementation_info,1,12,,,0,0,0,0,12,0,2,0,,,0,0,0,0
1430927066.2241,pg_toast,pg_toast_2609,0,0,0,0,0,0,0,0,0,0,0,0,0,0,,,,
1430927066.2241,pg_toast,pg_toast_1255,0,0,0,0,0,0,0,0,0,0,0,0,0,0,,,,
1430927066.2241,pg_toast,pg_toast_12644,0,0,0,0,0,0,0,0,0,0,0,0,0,0,,,,
1430927066.2241,pg_catalog,pg_rewrite,3,327,9,9,0,0,0,0,109,0,23,30,4,12,45,46,8,138
1430927066.2241,pg_catalog,pg_ts_config,3,48,0,0,0,0,0,0,16,0,2,2,0,0,,,,
1430927066.2241,pg_catalog,pg_extension,3,3,0,0,0,0,0,0,1,0,2,2,0,0,,,,
1430927066.2241,public,district,30,960,0,0,40,10,0,10,40,10,3,39,1,13,,,,
1430927066.2241,pg_catalog,pg_amop,4,1744,306,382,0,0,0,0,436,0,12,390,21,684,,,,
1430927066.2241,pg_catalog,pg_cast,3,594,1897,388,0,0,0,0,198,0,6,390,6,1934,,,,
1430927066.2241,pg_toast,pg_toast_2619,0,0,164,402,78,0,17,0,61,17,34,304,4,258,,,,
1430927066.2241,pg_toast,pg_toast_12629,0,0,0,0,0,0,0,0,0,0,0,0,0,0,,,,
1430927066.2241,public,warehouse,21,72,0,0,4,4,0,4,4,4,3,21,1,10,,,,
1430927066.2241,public,orders,6,720000,0,0,120006,0,0,0,120006,0,1936,8687,15,35,,,,
1430927066.2241,pg_toast,pg_toast_2604,0,0,0,0,0,0,0,0,0,0,0,0,0,0,,,,
1430927066.2241,information_schema,sql_features,1,672,,,0,0,0,0,672,0,14,0,,,0,0,0,0
1430927126.22474,pg_catalog,pg_auth_members,24,0,0,0,0,0,0,0,0,0,0,0,0,0,,,,
1430927126.22474,pg_catalog,pg_operator,3,2295,1545,10135,0,0,0,0,765,0,42,7062,20,3274,,,,
1430927126.22474,pg_catalog,pg_aggregate,2,266,84,84,0,0,0,0,133,0,5,85,4,124,,,,
1430927126.22474,pg_catalog,pg_pltemplate,16,128,0,0,0,0,0,0,8,0,16,8,0,0,,,,
1430927126.22474,public,history,1,120000,,,264700,0,0,0,263717,0,4249,153256,,,,,,
1430927126.22474,pg_catalog,pg_description,2,7372,252,0,0,0,0,0,3686,0,64,32,6,501,0,0,0,0
1430927126.22474,pg_catalog,pg_language,4,16,10,10,0,0,0,0,4,0,2,13,4,18,,,,
1430927126.22474,information_schema,sql_sizing_profiles,1,0,,,0,0,0,0,0,0,0,0,,,0,0,0,0
1430927126.22474,pg_catalog,pg_ts_parser,3,3,0,0,0,0,0,0,1,0,2,2,0,0,,,,
1430927126.22474,public,item,4,400000,1595177,1593657,100000,0,0,0,100000,0,3845,1601459,276,3197685,,,,
1430927126.22474,pg_catalog,pg_event_trigger,3,0,27,0,0,0,0,0,0,0,0,0,2,25,,,,
1430927126.22474,pg_catalog,pg_shseclabel,16,0,7,0,0,0,0,0,0,0,0,0,7,0,,,,
1430927126.22474,pg_catalog,pg_foreign_table,2,0,0,0,0,0,0,0,0,0,0,0,0,0,,,,
1430927126.22474,pg_toast,pg_toast_12659,0,0,0,0,0,0,0,0,0,0,0,0,0,0,,,,
1430927126.22474,public,new_order,4,144000,273000,249519,187871,0,110470,0,75877,111994,1429,1524003,1211,2269264,,,,
1430927126.22474,pg_catalog,pg_attrdef,3,0,0,0,0,0,0,0,0,0,0,0,0,0,0,0,0,0
1430927126.22474,pg_catalog,pg_ts_template,3,15,0,0,0,0,0,0,5,0,2,2,0,0,,,,
1430927126.22474,pg_catalog,pg_foreign_server,3,0,0,0,0,0,0,0,0,0,0,0,0,0,,,,
1430927126.22474,pg_catalog,pg_default_acl,3,0,59,0,0,0,0,0,0,0,0,0,2,57,,,,
1430927126.22474,pg_toast,pg_toast_12634,0,0,0,0,0,0,0,0,0,0,0,0,0,0,,,,
1430927126.22474,pg_catalog,pg_attribute,26,7916,6678,21605,1401,20,1219,3,2491,1219,154,10844,38,19176,,,,
1430927126.22474,pg_catalog,pg_statistic,2,798,5745,5554,92,423,0,67,92,383,71,6831,13,12464,34,2240,4,1618
1430927126.22474,information_schema,sql_sizing,1,23,,,0,0,0,0,23,0,2,0,,,0,0,0,0
1430927126.22474,pg_toast,pg_toast_2618,0,0,72,225,0,0,0,0,0,0,51,47,4,77,,,,
1430927126.22474,pg_toast,pg_toast_3596,0,0,0,0,0,0,0,0,0,0,0,0,0,0,,,,
1430927126.22474,public,stock,4,1600000,3965805,3222309,400000,1593653,0,0,393072,916654,121208,5363654,3118,16724054,,,,
1430927126.22474,pg_catalog,pg_depend,3,20214,2731,2507,348,0,256,0,6672,256,106,3178,39,6884,,,,
1430927126.22474,public,customer,6,720000,686284,1694396,120000,281200,0,249840,119739,13788,78130,2162751,1904,2261398,,,,
1430927126.22474,information_schema,sql_languages,1,4,,,0,0,0,0,4,0,2,0,,,0,0,0,0
1430927126.22474,pg_catalog,pg_opclass,7,388,842,11815,0,0,0,0,128,0,9,4413,12,1024,,,,
1430927126.22474,pg_catalog,pg_proc,3,8073,2105,2771,6,0,0,0,2691,0,168,2540,38,4430,0,0,0,0
1430927126.22474,pg_catalog,pg_trigger,4,0,0,0,0,0,0,0,0,0,0,0,0,0,0,0,0,0
1430927126.22474,pg_catalog,pg_am,144,156,0,0,0,0,0,0,5,0,3,142,0,0,,,,
1430927126.22474,pg_catalog,pg_largeobject_metadata,2,0,0,0,0,0,0,0,0,0,0,0,0,0,,,,
1430927126.22474,pg_catalog,pg_ts_config_map,2,608,0,0,0,0,0,0,304,0,4,2,0,0,,,,
1430927126.22474,pg_catalog,pg_type,3,1099,3289,2930,173,0,151,0,361,151,30,3306,20,7242,,,,
1430927126.22474,pg_catalog,pg_shdepend,24,24,2718,680,0,0,0,0,1,0,16,696,64,2829,,,,
1430927126.22474,pg_catalog,pg_conversion,4,528,0,0,0,0,0,0,132,0,6,9,0,0,,,,
1430927126.22474,pg_catalog,pg_foreign_data_wrapper,3,0,0,0,0,0,0,0,0,0,0,0,0,0,,,,
1430927126.22474,pg_catalog,pg_opfamily,3,258,0,0,0,0,0,0,86,0,4,4,0,0,,,,
1430927126.22474,pg_catalog,pg_shdescription,16,48,7,0,0,0,0,0,3,0,16,8,14,0,0,0,0,0
1430927126.22474,pg_catalog,pg_tablespace,47,94,648,648,0,0,0,0,2,0,23,680,37,1273,,,,
1430927126.22474,pg_catalog,pg_inherits,3,0,84,0,0,0,0,0,0,0,0,0,2,82,,,,
1430927126.22474,pg_toast,pg_toast_2606,0,0,0,0,0,0,0,0,0,0,0,0,0,0,,,,
1430927126.22474,pg_toast,pg_toast_2964,0,0,0,0,0,0,0,0,0,0,0,0,0,0,,,,
1430927126.22474,pg_catalog,pg_database,284,1005,4164,4148,8,0,7,0,4,0,8,4462,82,6319,,,,
1430927126.22474,pg_toast,pg_toast_2620,0,0,0,0,0,0,0,0,0,0,0,0,0,0,,,,
1430927126.22474,pg_catalog,pg_amproc,7,1040,549,829,0,0,0,0,344,0,9,551,9,1219,,,,
1430927126.22474,pg_catalog,pg_collation,3,2766,0,0,0,0,0,0,922,0,56,56,0,0,,,,
1430927126.22474,pg_catalog,pg_constraint,5,50,8,0,8,0,0,0,10,0,6,33,8,64,0,0,0,0
1430927126.22474,pg_catalog,pg_range,2,12,2,0,0,0,0,0,6,0,2,1,2,2,,,,
1430927126.22474,pg_toast,pg_toast_12639,0,0,0,0,0,0,0,0,0,0,0,0,0,0,,,,
1430927126.22474,pg_toast,pg_toast_12654,0,0,0,0,0,0,0,0,0,0,0,0,0,0,,,,
1430927126.22474,pg_catalog,pg_user_mapping,3,0,0,0,0,0,0,0,0,0,0,0,0,0,,,,
1430927126.22474,pg_catalog,pg_largeobject,2,0,0,0,0,0,0,0,0,0,0,0,0,0,,,,
1430927126.22474,pg_catalog,pg_namespace,9,54,564,442,0,0,0,0,6,0,3,449,12,695,,,,
1430927126.22474,information_schema,sql_packages,1,10,,,0,0,0,0,10,0,2,0,,,0,0,0,0
1430927126.22474,pg_catalog,pg_authid,142,142,1965,1965,0,0,0,0,1,0,23,2092,76,3858,,,,
1430927126.22474,pg_catalog,pg_index,30,1696,2033,2445,27,0,17,0,123,17,13,2156,12,2319,,,,
1430927126.22474,pg_catalog,pg_ts_dict,3,48,0,0,0,0,0,0,16,0,2,2,0,0,,,,
1430927126.22474,public,order_line,4,4552236,300070,3690208,2731712,1388268,0,803572,2717121,841102,111537,6257912,16951,7490267,,,,
1430927126.22474,pg_catalog,pg_class,59,7580,6437,5700,122,324,101,41,316,409,34,7654,34,12780,,,,
1430927126.22474,pg_toast,pg_toast_2396,0,0,0,0,0,0,0,0,0,0,0,0,0,0,,,,
1430927126.22474,pg_catalog,pg_enum,4,0,0,0,0,0,0,0,0,0,0,0,0,0,,,,
1430927126.22474,pg_catalog,pg_db_role_setting,23,0,4444,0,0,0,0,0,0,0,0,0,18,4426,0,0,0,0
1430927126.22474,pg_toast,pg_toast_12649,0,0,0,0,0,0,0,0,0,0,0,0,0,0,,,,
1430927126.22474,information_schema,sql_parts,1,9,,,0,0,0,0,9,0,2,0,,,0,0,0,0
1430927126.22474,pg_catalog,pg_seclabel,2,0,252,0,0,0,0,0,0,0,0,0,2,250,0,0,0,0
1430927126.22474,information_schema,sql_implementation_info,1,12,,,0,0,0,0,12,0,2,0,,,0,0,0,0
1430927126.22474,pg_toast,pg_toast_2609,0,0,0,0,0,0,0,0,0,0,0,0,0,0,,,,
1430927126.22474,pg_toast,pg_toast_1255,0,0,0,0,0,0,0,0,0,0,0,0,0,0,,,,
1430927126.22474,pg_toast,pg_toast_12644,0,0,0,0,0,0,0,0,0,0,0,0,0,0,,,,
1430927126.22474,pg_catalog,pg_rewrite,3,327,16,16,0,0,0,0,109,0,27,33,4,24,51,47,8,154
1430927126.22474,pg_catalog,pg_ts_config,3,48,0,0,0,0,0,0,16,0,2,2,0,0,,,,
1430927126.22474,pg_catalog,pg_extension,3,3,0,0,0,0,0,0,1,0,2,2,0,0,,,,
1430927126.22474,public,district,373386,13659960,299649,299649,40,296571,0,294884,40,3636,551,76268121,5,444289,,,,
1430927126.22474,pg_catalog,pg_amop,4,1744,1060,1406,0,0,0,0,436,0,12,1414,21,2264,,,,
1430927126.22474,pg_catalog,pg_cast,3,594,7010,1564,0,0,0,0,198,0,6,1566,6,7084,,,,
1430927126.22474,pg_toast,pg_toast_2619,0,0,1492,4614,78,0,17,0,61,17,34,2240,4,1618,,,,
1430927126.22474,pg_toast,pg_toast_12629,0,0,0,0,0,0,0,0,0,0,0,0,0,0,,,,
1430927126.22474,public,warehouse,485400,1467896,74301,74301,4,144700,0,141387,4,6626,306,55484774,2,77655,,,,
1430927126.22474,public,orders,6,720000,286589,322481,271871,136500,0,107428,270347,33186,4323,699082,2960,1953298,,,,
1430927126.22474,pg_toast,pg_toast_2604,0,0,0,0,0,0,0,0,0,0,0,0,0,0,,,,
1430927126.22474,information_schema,sql_features,1,672,,,0,0,0,0,672,0,14,0,,,0,0,0,0
1430927186.23126,pg_catalog,pg_auth_members,24,0,0,0,0,0,0,0,0,0,0,0,0,0,,,,
1430927186.23126,pg_catalog,pg_operator,3,2295,1576,10166,0,0,0,0,765,0,42,7093,20,3345,,,,
1430927186.23126,pg_catalog,pg_aggregate,2,266,85,85,0,0,0,0,133,0,5,86,4,126,,,,
1430927186.23126,pg_catalog,pg_pltemplate,16,128,0,0,0,0,0,0,8,0,16,8,0,0,,,,
1430927186.23126,public,history,1,120000,,,394987,0,0,0,392020,0,7014,287632,,,,,,
1430927186.23126,pg_catalog,pg_description,2,7372,252,0,0,0,0,0,3686,0,64,32,6,501,0,0,0,0
1430927186.23126,pg_catalog,pg_language,4,16,10,10,0,0,0,0,4,0,2,13,4,18,,,,
1430927186.23126,information_schema,sql_sizing_profiles,1,0,,,0,0,0,0,0,0,0,0,,,0,0,0,0
1430927186.23126,pg_catalog,pg_ts_parser,3,3,0,0,0,0,0,0,1,0,2,2,0,0,,,,
1430927186.23126,public,item,4,400000,3031524,3028612,100000,0,0,0,100000,0,3845,3036414,276,6077222,,,,
1430927186.23126,pg_catalog,pg_event_trigger,3,0,27,0,0,0,0,0,0,0,0,0,2,25,,,,
1430927186.23126,pg_catalog,pg_shseclabel,16,0,7,0,0,0,0,0,0,0,0,0,7,0,,,,
1430927186.23126,pg_catalog,pg_foreign_table,2,0,0,0,0,0,0,0,0,0,0,0,0,0,,,,
1430927186.23126,pg_toast,pg_toast_12659,0,0,0,0,0,0,0,0,0,0,0,0,0,0,,,,
1430927186.23126,public,new_order,4,144000,519060,472693,324543,0,208470,0,112751,58853,1759,7279388,2185,5016968,,,,
1430927186.23126,pg_catalog,pg_attrdef,3,0,0,0,0,0,0,0,0,0,0,0,0,0,0,0,0,0
1430927186.23126,pg_catalog,pg_ts_template,3,15,0,0,0,0,0,0,5,0,2,2,0,0,,,,
1430927186.23126,pg_catalog,pg_foreign_server,3,0,0,0,0,0,0,0,0,0,0,0,0,0,,,,
1430927186.23126,pg_catalog,pg_default_acl,3,0,59,0,0,0,0,0,0,0,0,0,2,57,,,,
1430927186.23126,pg_toast,pg_toast_12634,0,0,0,0,0,0,0,0,0,0,0,0,0,0,,,,
1430927186.23126,pg_catalog,pg_attribute,70,8216,8448,32405,1401,20,1219,3,2491,0,224,14154,59,22810,,,,
1430927186.23126,pg_catalog,pg_statistic,2,798,8728,8531,92,581,0,124,491,157,102,10281,13,18683,49,4030,4,2853
1430927186.23126,information_schema,sql_sizing,1,23,,,0,0,0,0,23,0,2,0,,,0,0,0,0
1430927186.23126,pg_toast,pg_toast_2618,0,0,77,241,0,0,0,0,0,0,51,54,4,85,,,,
1430927186.23126,pg_toast,pg_toast_3596,0,0,0,0,0,0,0,0,0,0,0,0,0,0,,,,
1430927186.23126,public,stock,4,1600000,7498722,6122311,400000,3028607,0,0,416377,1083657,129302,12178107,3470,31710924,,,,
1430927186.23126,pg_catalog,pg_depend,3,20214,2731,2507,348,0,256,0,6672,256,106,3178,39,6884,,,,
1430927186.23126,public,customer,6,720000,1304107,3204627,120000,534517,0,468698,119584,19682,79796,4277864,2542,4343375,,,,
1430927186.23126,information_schema,sql_languages,1,4,,,0,0,0,0,4,0,2,0,,,0,0,0,0
1430927186.23126,pg_catalog,pg_opclass,15,396,1038,13281,0,0,0,0,128,0,9,4993,12,1229,,,,
1430927186.23126,pg_catalog,pg_proc,3,8073,2183,2884,6,0,0,0,2691,0,168,2633,38,4596,0,0,0,0
1430927186.23126,pg_catalog,pg_trigger,4,0,0,0,0,0,0,0,0,0,0,0,0,0,0,0,0,0
1430927186.23126,pg_catalog,pg_am,149,161,0,0,0,0,0,0,5,0,3,147,0,0,,,,
1430927186.23126,pg_catalog,pg_largeobject_metadata,2,0,0,0,0,0,0,0,0,0,0,0,0,0,,,,
1430927186.23126,pg_catalog,pg_ts_config_map,2,608,0,0,0,0,0,0,304,0,4,2,0,0,,,,
1430927186.23126,pg_catalog,pg_type,3,1099,3400,3041,173,0,151,0,361,0,40,3452,25,7473,,,,
1430927186.23126,pg_catalog,pg_shdepend,24,24,2718,680,0,0,0,0,1,0,16,696,64,2829,,,,
1430927186.23126,pg_catalog,pg_conversion,4,528,0,0,0,0,0,0,132,0,6,9,0,0,,,,
1430927186.23126,pg_catalog,pg_foreign_data_wrapper,3,0,0,0,0,0,0,0,0,0,0,0,0,0,,,,
1430927186.23126,pg_catalog,pg_opfamily,3,258,0,0,0,0,0,0,86,0,4,4,0,0,,,,
1430927186.23126,pg_catalog,pg_shdescription,16,48,7,0,0,0,0,0,3,0,16,8,14,0,0,0,0,0
1430927186.23126,pg_catalog,pg_tablespace,47,94,653,653,0,0,0,0,2,0,23,685,37,1283,,,,
1430927186.23126,pg_catalog,pg_inherits,3,0,84,0,0,0,0,0,0,0,0,0,2,82,,,,
1430927186.23126,pg_toast,pg_toast_2606,0,0,0,0,0,0,0,0,0,0,0,0,0,0,,,,
1430927186.23126,pg_toast,pg_toast_2964,0,0,0,0,0,0,0,0,0,0,0,0,0,0,,,,
1430927186.23126,pg_catalog,pg_database,287,1017,4233,4217,8,0,7,0,4,0,8,4534,82,6402,,,,
1430927186.23126,pg_toast,pg_toast_2620,0,0,0,0,0,0,0,0,0,0,0,0,0,0,,,,
1430927186.23126,pg_catalog,pg_amproc,15,1056,723,1091,0,0,0,0,344,0,9,743,9,1572,,,,
1430927186.23126,pg_catalog,pg_collation,3,2766,0,0,0,0,0,0,922,0,56,56,0,0,,,,
1430927186.23126,pg_catalog,pg_constraint,5,50,8,0,8,0,0,0,10,0,6,33,8,64,0,0,0,0
1430927186.23126,pg_catalog,pg_range,2,12,2,0,0,0,0,0,6,0,2,1,2,2,,,,
1430927186.23126,pg_toast,pg_toast_12639,0,0,0,0,0,0,0,0,0,0,0,0,0,0,,,,
1430927186.23126,pg_toast,pg_toast_12654,0,0,0,0,0,0,0,0,0,0,0,0,0,0,,,,
1430927186.23126,pg_catalog,pg_user_mapping,3,0,0,0,0,0,0,0,0,0,0,0,0,0,,,,
1430927186.23126,pg_catalog,pg_largeobject,2,0,0,0,0,0,0,0,0,0,0,0,0,0,,,,
1430927186.23126,pg_catalog,pg_namespace,11,66,704,577,0,0,0,0,6,0,3,586,12,843,,,,
1430927186.23126,information_schema,sql_packages,1,10,,,0,0,0,0,10,0,2,0,,,0,0,0,0
1430927186.23126,pg_catalog,pg_authid,143,143,1976,1976,0,0,0,0,1,0,23,2104,76,3880,,,,
1430927186.23126,pg_catalog,pg_index,63,2339,2938,3530,27,0,17,0,123,17,13,3120,12,3235,,,,
1430927186.23126,pg_catalog,pg_ts_dict,3,48,0,0,0,0,0,0,16,0,2,2,0,0,,,,
1430927186.23126,public,order_line,4,4552236,570795,7060082,4166666,2679926,0,1524756,3855260,767821,138185,12271160,29185,14389317,,,,
1430927186.23126,pg_catalog,pg_class,154,10526,9451,8714,122,324,101,41,316,0,38,11311,35,16501,,,,
1430927186.23126,pg_toast,pg_toast_2396,0,0,0,0,0,0,0,0,0,0,0,0,0,0,,,,
1430927186.23126,pg_catalog,pg_enum,4,0,0,0,0,0,0,0,0,0,0,0,0,0,,,,
1430927186.23126,pg_catalog,pg_db_role_setting,23,0,4472,0,0,0,0,0,0,0,0,0,18,4454,0,0,0,0
1430927186.23126,pg_toast,pg_toast_12649,0,0,0,0,0,0,0,0,0,0,0,0,0,0,,,,
1430927186.23126,information_schema,sql_parts,1,9,,,0,0,0,0,9,0,2,0,,,0,0,0,0
1430927186.23126,pg_catalog,pg_seclabel,2,0,252,0,0,0,0,0,0,0,0,0,2,250,0,0,0,0
1430927186.23126,information_schema,sql_implementation_info,1,12,,,0,0,0,0,12,0,2,0,,,0,0,0,0
1430927186.23126,pg_toast,pg_toast_2609,0,0,0,0,0,0,0,0,0,0,0,0,0,0,,,,
1430927186.23126,pg_toast,pg_toast_1255,0,0,0,0,0,0,0,0,0,0,0,0,0,0,,,,
1430927186.23126,pg_toast,pg_toast_12644,0,0,0,0,0,0,0,0,0,0,0,0,0,0,,,,
1430927186.23126,pg_catalog,pg_rewrite,3,327,23,23,0,0,0,0,109,0,27,40,4,36,51,54,8,170
1430927186.23126,pg_catalog,pg_ts_config,3,48,0,0,0,0,0,0,16,0,2,2,0,0,,,,
1430927186.23126,pg_catalog,pg_extension,3,3,0,0,0,0,0,0,1,0,2,2,0,0,,,,
1430927186.23126,public,district,491343,17990240,767812,767812,40,563530,0,558136,14,7502,1077,153255014,7,1428402,,,,
1430927186.23126,pg_catalog,pg_amop,4,1744,1144,1499,0,0,0,0,436,0,12,1507,23,2440,,,,
1430927186.23126,pg_catalog,pg_cast,3,594,7513,1625,0,0,0,0,198,0,6,1627,6,7593,,,,
1430927186.23126,pg_toast,pg_toast_2619,0,0,2669,7768,135,0,74,0,61,74,49,4030,4,2853,,,,
1430927186.23126,pg_toast,pg_toast_12629,0,0,0,0,0,0,0,0,0,0,0,0,0,0,,,,
1430927186.23126,public,warehouse,639012,1930452,355908,355908,4,274987,0,268812,3,5692,577,103154416,2,362165,,,,
1430927186.23126,public,orders,6,720000,544785,675195,408543,259530,0,190414,405592,25653,5501,1443289,4781,3799739,,,,
1430927186.23126,pg_toast,pg_toast_2604,0,0,0,0,0,0,0,0,0,0,0,0,0,0,,,,
1430927186.23126,information_schema,sql_features,1,672,,,0,0,0,0,672,0,14,0,,,0,0,0,0
1430927246.24433,pg_catalog,pg_auth_members,24,0,0,0,0,0,0,0,0,0,0,0,0,0,,,,
1430927246.24433,pg_catalog,pg_operator,3,2295,1605,10195,0,0,0,0,765,0,42,7122,20,3413,,,,
1430927246.24433,pg_catalog,pg_aggregate,2,266,86,86,0,0,0,0,133,0,5,87,4,128,,,,
1430927246.24433,pg_catalog,pg_pltemplate,16,128,0,0,0,0,0,0,8,0,16,8,0,0,,,,
1430927246.24433,public,history,1,120000,,,542797,0,0,0,541247,0,11265,446220,,,,,,
1430927246.24433,pg_catalog,pg_description,2,7372,252,0,0,0,0,0,3686,0,64,32,6,501,0,0,0,0
1430927246.24433,pg_catalog,pg_language,4,16,10,10,0,0,0,0,4,0,2,13,4,18,,,,
1430927246.24433,information_schema,sql_sizing_profiles,1,0,,,0,0,0,0,0,0,0,0,,,0,0,0,0
1430927246.24433,pg_catalog,pg_ts_parser,3,3,0,0,0,0,0,0,1,0,2,2,0,0,,,,
1430927246.24433,public,item,4,400000,4659903,4655371,100000,0,0,0,100000,0,3845,4663173,276,9341806,,,,
1430927246.24433,pg_catalog,pg_event_trigger,3,0,27,0,0,0,0,0,0,0,0,0,2,25,,,,
1430927246.24433,pg_catalog,pg_shseclabel,16,0,7,0,0,0,0,0,0,0,0,0,7,0,,,,
1430927246.24433,pg_catalog,pg_foreign_table,2,0,0,0,0,0,0,0,0,0,0,0,0,0,,,,
1430927246.24433,pg_toast,pg_toast_12659,0,0,0,0,0,0,0,0,0,0,0,0,0,0,,,,
1430927246.24433,public,new_order,4,144000,793440,717927,479470,0,313590,0,161302,7042,1759,11389897,2447,7637849,,,,
1430927246.24433,pg_catalog,pg_attrdef,3,0,0,0,0,0,0,0,0,0,0,0,0,0,0,0,0,0
1430927246.24433,pg_catalog,pg_ts_template,3,15,0,0,0,0,0,0,5,0,2,2,0,0,,,,
1430927246.24433,pg_catalog,pg_foreign_server,3,0,0,0,0,0,0,0,0,0,0,0,0,0,,,,
1430927246.24433,pg_catalog,pg_default_acl,3,0,59,0,0,0,0,0,0,0,0,0,2,57,,,,
1430927246.24433,pg_toast,pg_toast_12634,0,0,0,0,0,0,0,0,0,0,0,0,0,0,,,,
1430927246.24433,pg_catalog,pg_attribute,92,8366,10324,44128,1401,20,1219,3,2491,0,224,17297,59,26574,,,,
1430927246.24433,pg_catalog,pg_statistic,2,798,12248,12045,92,719,0,207,491,101,119,14169,13,25885,80,5704,4,3806
1430927246.24433,information_schema,sql_sizing,1,23,,,0,0,0,0,23,0,2,0,,,0,0,0,0
1430927246.24433,pg_toast,pg_toast_2618,0,0,82,257,0,0,0,0,0,0,51,61,4,93,,,,
1430927246.24433,pg_toast,pg_toast_3596,0,0,0,0,0,0,0,0,0,0,0,0,0,0,,,,
1430927246.24433,public,stock,4,1600000,11479988,9408838,400000,4655359,0,0,401048,991927,133041,18554903,3549,48654747,,,,
1430927246.24433,pg_catalog,pg_depend,3,20214,2731,2507,348,0,256,0,6672,256,106,3178,39,6884,,,,
1430927246.24433,public,customer,6,720000,2002405,4934903,120000,819517,0,735250,119999,17604,79796,6607470,2549,6577354,,,,
1430927246.24433,information_schema,sql_languages,1,4,,,0,0,0,0,4,0,2,0,,,0,0,0,0
1430927246.24433,pg_catalog,pg_opclass,19,400,1092,14018,0,0,0,0,128,0,9,5247,12,1295,,,,
1430927246.24433,pg_catalog,pg_proc,3,8073,2261,2997,6,0,0,0,2691,0,168,2726,38,4762,0,0,0,0
1430927246.24433,pg_catalog,pg_trigger,4,0,0,0,0,0,0,0,0,0,0,0,0,0,0,0,0,0
1430927246.24433,pg_catalog,pg_am,156,168,0,0,0,0,0,0,5,0,3,154,0,0,,,,
1430927246.24433,pg_catalog,pg_largeobject_metadata,2,0,0,0,0,0,0,0,0,0,0,0,0,0,,,,
1430927246.24433,pg_catalog,pg_ts_config_map,2,608,0,0,0,0,0,0,304,0,4,2,0,0,,,,
1430927246.24433,pg_catalog,pg_type,3,1099,3506,3147,173,0,151,0,361,0,40,3558,25,7692,,,,
1430927246.24433,pg_catalog,pg_shdepend,24,24,2718,680,0,0,0,0,1,0,16,696,64,2829,,,,
1430927246.24433,pg_catalog,pg_conversion,4,528,0,0,0,0,0,0,132,0,6,9,0,0,,,,
1430927246.24433,pg_catalog,pg_foreign_data_wrapper,3,0,0,0,0,0,0,0,0,0,0,0,0,0,,,,
1430927246.24433,pg_catalog,pg_opfamily,3,258,0,0,0,0,0,0,86,0,4,4,0,0,,,,
1430927246.24433,pg_catalog,pg_shdescription,16,48,7,0,0,0,0,0,3,0,16,8,14,0,0,0,0,0
1430927246.24433,pg_catalog,pg_tablespace,47,94,658,658,0,0,0,0,2,0,23,690,37,1293,,,,
1430927246.24433,pg_catalog,pg_inherits,3,0,84,0,0,0,0,0,0,0,0,0,2,82,,,,
1430927246.24433,pg_toast,pg_toast_2606,0,0,0,0,0,0,0,0,0,0,0,0,0,0,,,,
1430927246.24433,pg_toast,pg_toast_2964,0,0,0,0,0,0,0,0,0,0,0,0,0,0,,,,
1430927246.24433,pg_catalog,pg_database,290,1029,4302,4286,8,0,7,0,4,0,8,4606,82,6485,,,,
1430927246.24433,pg_toast,pg_toast_2620,0,0,0,0,0,0,0,0,0,0,0,0,0,0,,,,
1430927246.24433,pg_catalog,pg_amproc,19,1064,770,1145,0,0,0,0,344,0,9,796,9,1673,,,,
1430927246.24433,pg_catalog,pg_collation,3,2766,0,0,0,0,0,0,922,0,56,56,0,0,,,,
1430927246.24433,pg_catalog,pg_constraint,5,50,8,0,8,0,0,0,10,0,6,33,8,64,0,0,0,0
1430927246.24433,pg_catalog,pg_range,2,12,2,0,0,0,0,0,6,0,2,1,2,2,,,,
1430927246.24433,pg_toast,pg_toast_12639,0,0,0,0,0,0,0,0,0,0,0,0,0,0,,,,
1430927246.24433,pg_toast,pg_toast_12654,0,0,0,0,0,0,0,0,0,0,0,0,0,0,,,,
1430927246.24433,pg_catalog,pg_user_mapping,3,0,0,0,0,0,0,0,0,0,0,0,0,0,,,,
1430927246.24433,pg_catalog,pg_largeobject,2,0,0,0,0,0,0,0,0,0,0,0,0,0,,,,
1430927246.24433,pg_catalog,pg_namespace,13,78,846,714,0,0,0,0,6,0,3,725,12,994,,,,
1430927246.24433,information_schema,sql_packages,1,10,,,0,0,0,0,10,0,2,0,,,0,0,0,0
1430927246.24433,pg_catalog,pg_authid,144,144,1987,1987,0,0,0,0,1,0,23,2116,76,3902,,,,
1430927246.24433,pg_catalog,pg_index,82,2968,3852,4578,27,0,17,0,123,17,13,4069,12,4163,,,,
1430927246.24433,pg_catalog,pg_ts_dict,3,48,0,0,0,0,0,0,16,0,2,2,0,0,,,,
1430927246.24433,public,order_line,4,4552236,872766,10815392,5793418,4122971,0,2339890,5640768,902170,159226,19106781,42473,22146111,,,,
1430927246.24433,pg_catalog,pg_class,191,14375,12884,12024,122,324,101,41,316,0,38,14870,35,20727,,,,
1430927246.24433,pg_toast,pg_toast_2396,0,0,0,0,0,0,0,0,0,0,0,0,0,0,,,,
1430927246.24433,pg_catalog,pg_enum,4,0,0,0,0,0,0,0,0,0,0,0,0,0,,,,
1430927246.24433,pg_catalog,pg_db_role_setting,23,0,4500,0,0,0,0,0,0,0,0,0,18,4482,0,0,0,0
1430927246.24433,pg_toast,pg_toast_12649,0,0,0,0,0,0,0,0,0,0,0,0,0,0,,,,
1430927246.24433,information_schema,sql_parts,1,9,,,0,0,0,0,9,0,2,0,,,0,0,0,0
1430927246.24433,pg_catalog,pg_seclabel,2,0,252,0,0,0,0,0,0,0,0,0,2,250,0,0,0,0
1430927246.24433,information_schema,sql_implementation_info,1,12,,,0,0,0,0,12,0,2,0,,,0,0,0,0
1430927246.24433,pg_toast,pg_toast_2609,0,0,0,0,0,0,0,0,0,0,0,0,0,0,,,,
1430927246.24433,pg_toast,pg_toast_1255,0,0,0,0,0,0,0,0,0,0,0,0,0,0,,,,
1430927246.24433,pg_toast,pg_toast_12644,0,0,0,0,0,0,0,0,0,0,0,0,0,0,,,,
1430927246.24433,pg_catalog,pg_rewrite,3,327,30,30,0,0,0,0,109,0,27,47,4,48,51,61,8,186
1430927246.24433,pg_catalog,pg_ts_config,3,48,0,0,0,0,0,0,16,0,2,2,0,0,,,,
1430927246.24433,pg_catalog,pg_extension,3,3,0,0,0,0,0,0,1,0,2,2,0,0,,,,
1430927246.24433,public,district,491343,17990240,1417246,1417246,40,866267,0,857219,40,2038,1513,158414720,7,2796813,,,,
1430927246.24433,pg_catalog,pg_amop,4,1744,1225,1590,0,0,0,0,436,0,12,1598,23,2614,,,,
1430927246.24433,pg_catalog,pg_cast,3,594,7810,1693,0,0,0,0,198,0,6,1695,6,7897,,,,
1430927246.24433,pg_toast,pg_toast_2619,0,0,3487,10192,267,0,206,0,49,76,80,5704,4,3806,,,,
1430927246.24433,pg_toast,pg_toast_12629,0,0,0,0,0,0,0,0,0,0,0,0,0,0,,,,
1430927246.24433,public,warehouse,639012,1930452,806455,806455,4,422797,0,413315,2,1301,709,109256691,2,816101,,,,
1430927246.24433,public,orders,6,720000,832933,1133357,563470,396720,0,296399,559172,61839,6989,2296057,6920,5790531,,,,
1430927246.24433,pg_toast,pg_toast_2604,0,0,0,0,0,0,0,0,0,0,0,0,0,0,,,,
1430927246.24433,information_schema,sql_features,1,672,,,0,0,0,0,672,0,14,0,,,0,0,0,0
1430927306.23364,pg_catalog,pg_auth_members,24,0,0,0,0,0,0,0,0,0,0,0,0,0,,,,
1430927306.23364,pg_catalog,pg_operator,3,2295,1622,10212,0,0,0,0,765,0,42,7139,20,3455,,,,
1430927306.23364,pg_catalog,pg_aggregate,2,266,87,87,0,0,0,0,133,0,5,88,4,130,,,,
1430927306.23364,pg_catalog,pg_pltemplate,16,128,0,0,0,0,0,0,8,0,16,8,0,0,,,,
1430927306.23364,public,history,1,120000,,,695481,0,0,0,691468,0,13010,602434,,,,,,
1430927306.23364,pg_catalog,pg_description,2,7372,252,0,0,0,0,0,3686,0,64,32,6,501,0,0,0,0
1430927306.23364,pg_catalog,pg_language,4,16,10,10,0,0,0,0,4,0,2,13,4,18,,,,
1430927306.23364,information_schema,sql_sizing_profiles,1,0,,,0,0,0,0,0,0,0,0,,,0,0,0,0
1430927306.23364,pg_catalog,pg_ts_parser,3,3,0,0,0,0,0,0,1,0,2,2,0,0,,,,
1430927306.23364,public,item,4,400000,6338525,6332378,100000,0,0,0,100000,0,3845,6340180,276,12706940,,,,
1430927306.23364,pg_catalog,pg_event_trigger,3,0,27,0,0,0,0,0,0,0,0,0,2,25,,,,
1430927306.23364,pg_catalog,pg_shseclabel,16,0,7,0,0,0,0,0,0,0,0,0,7,0,,,,
1430927306.23364,pg_catalog,pg_foreign_table,2,0,0,0,0,0,0,0,0,0,0,0,0,0,,,,
1430927306.23364,pg_toast,pg_toast_12659,0,0,0,0,0,0,0,0,0,0,0,0,0,0,,,,
1430927306.23364,public,new_order,4,144000,1069480,964994,639423,0,419800,0,213425,114872,2184,14115343,2926,10717995,,,,
1430927306.23364,pg_catalog,pg_attrdef,3,0,0,0,0,0,0,0,0,0,0,0,0,0,0,0,0,0
1430927306.23364,pg_catalog,pg_ts_template,3,15,0,0,0,0,0,0,5,0,2,2,0,0,,,,
1430927306.23364,pg_catalog,pg_foreign_server,3,0,0,0,0,0,0,0,0,0,0,0,0,0,,,,
1430927306.23364,pg_catalog,pg_default_acl,3,0,59,0,0,0,0,0,0,0,0,0,2,57,,,,
1430927306.23364,pg_toast,pg_toast_12634,0,0,0,0,0,0,0,0,0,0,0,0,0,0,,,,
1430927306.23364,pg_catalog,pg_attribute,92,8366,10920,48444,1401,20,1219,3,2491,0,224,18175,59,27773,,,,
1430927306.23364,pg_catalog,pg_statistic,2,798,13796,13587,92,719,0,207,491,95,119,15711,13,28986,80,6624,4,4486
1430927306.23364,information_schema,sql_sizing,1,23,,,0,0,0,0,23,0,2,0,,,0,0,0,0
1430927306.23364,pg_toast,pg_toast_2618,0,0,87,273,0,0,0,0,0,0,51,68,4,101,,,,
1430927306.23364,pg_toast,pg_toast_3596,0,0,0,0,0,0,0,0,0,0,0,0,0,0,,,,
1430927306.23364,public,stock,4,1600000,15574819,12796557,400000,6332361,0,0,400942,1095011,133052,24289049,3550,66088486,,,,
1430927306.23364,pg_catalog,pg_depend,3,20214,2731,2507,348,0,256,0,6672,256,106,3178,39,6884,,,,
1430927306.23364,public,customer,6,720000,2719656,6675399,120000,1110221,0,1013836,119884,20012,79796,8811646,2549,8825916,,,,
1430927306.23364,information_schema,sql_languages,1,4,,,0,0,0,0,4,0,2,0,,,0,0,0,0
1430927306.23364,pg_catalog,pg_opclass,19,400,1108,14201,0,0,0,0,128,0,9,5315,12,1319,,,,
1430927306.23364,pg_catalog,pg_proc,3,8073,2339,3110,6,0,0,0,2691,0,168,2819,38,4928,0,0,0,0
1430927306.23364,pg_catalog,pg_trigger,4,0,0,0,0,0,0,0,0,0,0,0,0,0,0,0,0,0
1430927306.23364,pg_catalog,pg_am,161,173,0,0,0,0,0,0,5,0,3,159,0,0,,,,
1430927306.23364,pg_catalog,pg_largeobject_metadata,2,0,0,0,0,0,0,0,0,0,0,0,0,0,,,,
1430927306.23364,pg_catalog,pg_ts_config_map,2,608,0,0,0,0,0,0,304,0,4,2,0,0,,,,
1430927306.23364,pg_catalog,pg_type,3,1099,3598,3239,173,0,151,0,361,0,40,3650,25,7881,,,,
1430927306.23364,pg_catalog,pg_shdepend,24,24,2718,680,0,0,0,0,1,0,16,696,64,2829,,,,
1430927306.23364,pg_catalog,pg_conversion,4,528,0,0,0,0,0,0,132,0,6,9,0,0,,,,
1430927306.23364,pg_catalog,pg_foreign_data_wrapper,3,0,0,0,0,0,0,0,0,0,0,0,0,0,,,,
1430927306.23364,pg_catalog,pg_opfamily,3,258,0,0,0,0,0,0,86,0,4,4,0,0,,,,
1430927306.23364,pg_catalog,pg_shdescription,16,48,7,0,0,0,0,0,3,0,16,8,14,0,0,0,0,0
1430927306.23364,pg_catalog,pg_tablespace,47,94,663,663,0,0,0,0,2,0,23,695,37,1303,,,,
1430927306.23364,pg_catalog,pg_inherits,3,0,84,0,0,0,0,0,0,0,0,0,2,82,,,,
1430927306.23364,pg_toast,pg_toast_2606,0,0,0,0,0,0,0,0,0,0,0,0,0,0,,,,
1430927306.23364,pg_toast,pg_toast_2964,0,0,0,0,0,0,0,0,0,0,0,0,0,0,,,,
1430927306.23364,pg_catalog,pg_database,293,1041,4369,4353,8,0,7,0,4,0,8,4676,82,6566,,,,
1430927306.23364,pg_toast,pg_toast_2620,0,0,0,0,0,0,0,0,0,0,0,0,0,0,,,,
1430927306.23364,pg_catalog,pg_amproc,19,1064,785,1168,0,0,0,0,344,0,9,811,9,1708,,,,
1430927306.23364,pg_catalog,pg_collation,3,2766,0,0,0,0,0,0,922,0,56,56,0,0,,,,
1430927306.23364,pg_catalog,pg_constraint,5,50,8,0,8,0,0,0,10,0,6,33,8,64,0,0,0,0
1430927306.23364,pg_catalog,pg_range,2,12,2,0,0,0,0,0,6,0,2,1,2,2,,,,
1430927306.23364,pg_toast,pg_toast_12639,0,0,0,0,0,0,0,0,0,0,0,0,0,0,,,,
1430927306.23364,pg_toast,pg_toast_12654,0,0,0,0,0,0,0,0,0,0,0,0,0,0,,,,
1430927306.23364,pg_catalog,pg_user_mapping,3,0,0,0,0,0,0,0,0,0,0,0,0,0,,,,
1430927306.23364,pg_catalog,pg_largeobject,2,0,0,0,0,0,0,0,0,0,0,0,0,0,,,,
1430927306.23364,pg_catalog,pg_namespace,15,90,984,847,0,0,0,0,6,0,3,860,12,1139,,,,
1430927306.23364,information_schema,sql_packages,1,10,,,0,0,0,0,10,0,2,0,,,0,0,0,0
1430927306.23364,pg_catalog,pg_authid,145,145,1998,1998,0,0,0,0,1,0,23,2128,76,3924,,,,
1430927306.23364,pg_catalog,pg_index,87,3583,4089,4908,27,0,17,0,123,17,13,4321,12,4410,,,,
1430927306.23364,pg_catalog,pg_ts_dict,3,48,0,0,0,0,0,0,16,0,2,2,0,0,,,,
1430927306.23364,public,order_line,4,4552236,1177289,14602528,7470420,5573028,0,3306672,7302450,1633720,182416,25090226,55003,31176712,,,,
1430927306.23364,pg_catalog,pg_class,197,16271,13986,13003,122,324,101,41,316,0,38,15898,35,22051,,,,
1430927306.23364,pg_toast,pg_toast_2396,0,0,0,0,0,0,0,0,0,0,0,0,0,0,,,,
1430927306.23364,pg_catalog,pg_enum,4,0,0,0,0,0,0,0,0,0,0,0,0,0,,,,
1430927306.23364,pg_catalog,pg_db_role_setting,23,0,4528,0,0,0,0,0,0,0,0,0,18,4510,0,0,0,0
1430927306.23364,pg_toast,pg_toast_12649,0,0,0,0,0,0,0,0,0,0,0,0,0,0,,,,
1430927306.23364,information_schema,sql_parts,1,9,,,0,0,0,0,9,0,2,0,,,0,0,0,0
1430927306.23364,pg_catalog,pg_seclabel,2,0,252,0,0,0,0,0,0,0,0,0,2,250,0,0,0,0
1430927306.23364,information_schema,sql_implementation_info,1,12,,,0,0,0,0,12,0,2,0,,,0,0,0,0
1430927306.23364,pg_toast,pg_toast_2609,0,0,0,0,0,0,0,0,0,0,0,0,0,0,,,,
1430927306.23364,pg_toast,pg_toast_1255,0,0,0,0,0,0,0,0,0,0,0,0,0,0,,,,
1430927306.23364,pg_toast,pg_toast_12644,0,0,0,0,0,0,0,0,0,0,0,0,0,0,,,,
1430927306.23364,pg_catalog,pg_rewrite,3,327,37,37,0,0,0,0,109,0,27,54,4,60,51,68,8,202
1430927306.23364,pg_catalog,pg_ts_config,3,48,0,0,0,0,0,0,16,0,2,2,0,0,,,,
1430927306.23364,pg_catalog,pg_extension,3,3,0,0,0,0,0,0,1,0,2,2,0,0,,,,
1430927306.23364,public,district,491343,17990240,2090500,2090500,40,1178904,0,1167415,40,5360,1513,164042168,7,4212489,,,,
1430927306.23364,pg_catalog,pg_amop,4,1744,1258,1631,0,0,0,0,436,0,12,1639,23,2688,,,,
1430927306.23364,pg_catalog,pg_cast,3,594,7879,1721,0,0,0,0,198,0,6,1723,6,7971,,,,
1430927306.23364,pg_toast,pg_toast_2619,0,0,4127,12272,267,0,206,0,49,76,80,6624,4,4486,,,,
1430927306.23364,pg_toast,pg_toast_12629,0,0,0,0,0,0,0,0,0,0,0,0,0,0,,,,
1430927306.23364,public,warehouse,639012,1930452,1271776,1271776,4,575481,0,562559,2,6989,709,113892406,2,1284862,,,,
1430927306.23364,public,orders,6,720000,1123181,1679788,723423,534740,0,410280,717505,91221,8416,3220821,8790,7775244,,,,
1430927306.23364,pg_toast,pg_toast_2604,0,0,0,0,0,0,0,0,0,0,0,0,0,0,,,,
1430927306.23364,information_schema,sql_features,1,672,,,0,0,0,0,672,0,14,0,,,0,0,0,0
1430927366.23203,pg_catalog,pg_auth_members,24,0,0,0,0,0,0,0,0,0,0,0,0,0,,,,
1430927366.23203,pg_catalog,pg_operator,3,2295,1639,10229,0,0,0,0,765,0,42,7156,20,3497,,,,
1430927366.23203,pg_catalog,pg_aggregate,2,266,88,88,0,0,0,0,133,0,5,89,4,132,,,,
1430927366.23203,pg_catalog,pg_pltemplate,16,128,0,0,0,0,0,0,8,0,16,8,0,0,,,,
1430927366.23203,public,history,1,120000,,,812408,0,0,0,808395,0,14322,721982,,,,,,
1430927366.23203,pg_catalog,pg_description,2,7372,252,0,0,0,0,0,3686,0,64,32,6,501,0,0,0,0
1430927366.23203,pg_catalog,pg_language,4,16,10,10,0,0,0,0,4,0,2,13,4,18,,,,
1430927366.23203,information_schema,sql_sizing_profiles,1,0,,,0,0,0,0,0,0,0,0,,,0,0,0,0
1430927366.23203,pg_catalog,pg_ts_parser,3,3,0,0,0,0,0,0,1,0,2,2,0,0,,,,
1430927366.23203,public,item,4,400000,7615049,7607671,100000,0,0,0,100000,0,3845,7615473,276,15266067,,,,
1430927366.23203,pg_catalog,pg_event_trigger,3,0,27,0,0,0,0,0,0,0,0,0,2,25,,,,
1430927366.23203,pg_catalog,pg_shseclabel,16,0,7,0,0,0,0,0,0,0,0,0,7,0,,,,
1430927366.23203,pg_catalog,pg_foreign_table,2,0,0,0,0,0,0,0,0,0,0,0,0,0,,,,
1430927366.23203,pg_toast,pg_toast_12659,0,0,0,0,0,0,0,0,0,0,0,0,0,0,,,,
1430927366.23203,public,new_order,4,144000,1285340,1156553,760883,0,500860,0,252592,197165,2840,15020796,3792,14936879,,,,
1430927366.23203,pg_catalog,pg_attrdef,3,0,0,0,0,0,0,0,0,0,0,0,0,0,0,0,0,0
1430927366.23203,pg_catalog,pg_ts_template,3,15,0,0,0,0,0,0,5,0,2,2,0,0,,,,
1430927366.23203,pg_catalog,pg_foreign_server,3,0,0,0,0,0,0,0,0,0,0,0,0,0,,,,
1430927366.23203,pg_catalog,pg_default_acl,3,0,59,0,0,0,0,0,0,0,0,0,2,57,,,,
1430927366.23203,pg_toast,pg_toast_12634,0,0,0,0,0,0,0,0,0,0,0,0,0,0,,,,
1430927366.23203,pg_catalog,pg_attribute,92,8366,11118,48765,1401,20,1219,3,2491,0,224,18375,59,28177,,,,
1430927366.23203,pg_catalog,pg_statistic,2,798,13821,13606,92,719,0,207,491,95,119,15730,13,29041,80,6624,4,4486
1430927366.23203,information_schema,sql_sizing,1,23,,,0,0,0,0,23,0,2,0,,,0,0,0,0
1430927366.23203,pg_toast,pg_toast_2618,0,0,92,289,0,0,0,0,0,0,51,75,4,109,,,,
1430927366.23203,pg_toast,pg_toast_3596,0,0,0,0,0,0,0,0,0,0,0,0,0,0,,,,
1430927366.23203,public,stock,4,1600000,18690676,15373410,400000,7607652,0,0,400942,2370302,133057,28212171,3553,79351557,,,,
1430927366.23203,pg_catalog,pg_depend,3,20214,2731,2507,348,0,256,0,6672,256,106,3178,39,6884,,,,
1430927366.23203,public,customer,6,720000,3270384,8079619,120000,1335078,0,1234095,119884,24640,79796,10540349,2549,10523878,,,,
1430927366.23203,information_schema,sql_languages,1,4,,,0,0,0,0,4,0,2,0,,,0,0,0,0
1430927366.23203,pg_catalog,pg_opclass,19,400,1125,14385,0,0,0,0,128,0,9,5384,12,1345,,,,
1430927366.23203,pg_catalog,pg_proc,3,8073,2417,3223,6,0,0,0,2691,0,168,2912,38,5094,0,0,0,0
1430927366.23203,pg_catalog,pg_trigger,4,0,0,0,0,0,0,0,0,0,0,0,0,0,0,0,0,0
1430927366.23203,pg_catalog,pg_am,167,179,0,0,0,0,0,0,5,0,3,165,0,0,,,,
1430927366.23203,pg_catalog,pg_largeobject_metadata,2,0,0,0,0,0,0,0,0,0,0,0,0,0,,,,
1430927366.23203,pg_catalog,pg_ts_config_map,2,608,0,0,0,0,0,0,304,0,4,2,0,0,,,,
1430927366.23203,pg_catalog,pg_type,3,1099,3690,3331,173,0,151,0,361,0,40,3742,25,8070,,,,
1430927366.23203,pg_catalog,pg_shdepend,24,24,2718,680,0,0,0,0,1,0,16,696,64,2829,,,,
1430927366.23203,pg_catalog,pg_conversion,4,528,0,0,0,0,0,0,132,0,6,9,0,0,,,,
1430927366.23203,pg_catalog,pg_foreign_data_wrapper,3,0,0,0,0,0,0,0,0,0,0,0,0,0,,,,
1430927366.23203,pg_catalog,pg_opfamily,3,258,0,0,0,0,0,0,86,0,4,4,0,0,,,,
1430927366.23203,pg_catalog,pg_shdescription,16,48,7,0,0,0,0,0,3,0,16,8,14,0,0,0,0,0
1430927366.23203,pg_catalog,pg_tablespace,47,94,668,668,0,0,0,0,2,0,23,700,37,1313,,,,
1430927366.23203,pg_catalog,pg_inherits,3,0,84,0,0,0,0,0,0,0,0,0,2,82,,,,
1430927366.23203,pg_toast,pg_toast_2606,0,0,0,0,0,0,0,0,0,0,0,0,0,0,,,,
1430927366.23203,pg_toast,pg_toast_2964,0,0,0,0,0,0,0,0,0,0,0,0,0,0,,,,
1430927366.23203,pg_catalog,pg_database,295,1049,4433,4417,8,0,7,0,4,0,8,4742,82,6642,,,,
1430927366.23203,pg_toast,pg_toast_2620,0,0,0,0,0,0,0,0,0,0,0,0,0,0,,,,
1430927366.23203,pg_catalog,pg_amproc,19,1064,801,1193,0,0,0,0,344,0,9,827,9,1746,,,,
1430927366.23203,pg_catalog,pg_collation,3,2766,0,0,0,0,0,0,922,0,56,56,0,0,,,,
1430927366.23203,pg_catalog,pg_constraint,5,50,8,0,8,0,0,0,10,0,6,33,8,64,0,0,0,0
1430927366.23203,pg_catalog,pg_range,2,12,2,0,0,0,0,0,6,0,2,1,2,2,,,,
1430927366.23203,pg_toast,pg_toast_12639,0,0,0,0,0,0,0,0,0,0,0,0,0,0,,,,
1430927366.23203,pg_toast,pg_toast_12654,0,0,0,0,0,0,0,0,0,0,0,0,0,0,,,,
1430927366.23203,pg_catalog,pg_user_mapping,3,0,0,0,0,0,0,0,0,0,0,0,0,0,,,,
1430927366.23203,pg_catalog,pg_largeobject,2,0,0,0,0,0,0,0,0,0,0,0,0,0,,,,
1430927366.23203,pg_catalog,pg_namespace,17,102,1122,980,0,0,0,0,6,0,3,995,12,1284,,,,
1430927366.23203,information_schema,sql_packages,1,10,,,0,0,0,0,10,0,2,0,,,0,0,0,0
1430927366.23203,pg_catalog,pg_authid,146,146,2008,2008,0,0,0,0,1,0,23,2139,76,3944,,,,
1430927366.23203,pg_catalog,pg_index,92,4198,4127,4959,27,0,17,0,123,17,13,4374,12,4459,,,,
1430927366.23203,pg_catalog,pg_ts_dict,3,48,0,0,0,0,0,0,16,0,2,2,0,0,,,,
1430927366.23203,public,order_line,4,4552236,1414708,17547730,8745711,6707760,0,4144334,8565911,2093128,199265,29333586,64348,38458684,,,,
1430927366.23203,pg_catalog,pg_class,203,18167,14290,13184,122,324,101,41,316,0,38,16128,35,22378,,,,
1430927366.23203,pg_toast,pg_toast_2396,0,0,0,0,0,0,0,0,0,0,0,0,0,0,,,,
1430927366.23203,pg_catalog,pg_enum,4,0,0,0,0,0,0,0,0,0,0,0,0,0,,,,
1430927366.23203,pg_catalog,pg_db_role_setting,23,0,4552,0,0,0,0,0,0,0,0,0,18,4534,0,0,0,0
1430927366.23203,pg_toast,pg_toast_12649,0,0,0,0,0,0,0,0,0,0,0,0,0,0,,,,
1430927366.23203,information_schema,sql_parts,1,9,,,0,0,0,0,9,0,2,0,,,0,0,0,0
1430927366.23203,pg_catalog,pg_seclabel,2,0,252,0,0,0,0,0,0,0,0,0,2,250,0,0,0,0
1430927366.23203,information_schema,sql_implementation_info,1,12,,,0,0,0,0,12,0,2,0,,,0,0,0,0
1430927366.23203,pg_toast,pg_toast_2609,0,0,0,0,0,0,0,0,0,0,0,0,0,0,,,,
1430927366.23203,pg_toast,pg_toast_1255,0,0,0,0,0,0,0,0,0,0,0,0,0,0,,,,
1430927366.23203,pg_toast,pg_toast_12644,0,0,0,0,0,0,0,0,0,0,0,0,0,0,,,,
1430927366.23203,pg_catalog,pg_rewrite,3,327,44,44,0,0,0,0,109,0,27,61,4,72,51,75,8,218
1430927366.23203,pg_catalog,pg_ts_config,3,48,0,0,0,0,0,0,16,0,2,2,0,0,,,,
1430927366.23203,pg_catalog,pg_extension,3,3,0,0,0,0,0,0,1,0,2,2,0,0,,,,
1430927366.23203,public,district,491343,17990240,2604375,2604375,40,1417291,0,1405499,40,6785,1513,167176501,7,5289463,,,,
1430927366.23203,pg_catalog,pg_amop,4,1744,1291,1672,0,0,0,0,436,0,12,1680,23,2762,,,,
1430927366.23203,pg_catalog,pg_cast,3,594,7948,1749,0,0,0,0,198,0,6,1751,6,8045,,,,
1430927366.23203,pg_toast,pg_toast_2619,0,0,4127,12272,267,0,206,0,49,76,80,6624,4,4486,,,,
1430927366.23203,pg_toast,pg_toast_12629,0,0,0,0,0,0,0,0,0,0,0,0,0,0,,,,
1430927366.23203,public,warehouse,639012,1930452,1627090,1627090,4,692408,0,676817,2,11705,709,116216740,2,1642845,,,,
1430927366.23203,public,orders,6,720000,1349766,2153791,844883,642670,0,505176,837732,105609,9447,3971072,10288,9269901,,,,
1430927366.23203,pg_toast,pg_toast_2604,0,0,0,0,0,0,0,0,0,0,0,0,0,0,,,,
1430927366.23203,information_schema,sql_features,1,672,,,0,0,0,0,672,0,14,0,,,0,0,0,0
1430927426.23373,pg_catalog,pg_auth_members,24,0,0,0,0,0,0,0,0,0,0,0,0,0,,,,
1430927426.23373,pg_catalog,pg_operator,3,2295,1656,10246,0,0,0,0,765,0,42,7173,20,3539,,,,
1430927426.23373,pg_catalog,pg_aggregate,2,266,89,89,0,0,0,0,133,0,5,90,4,134,,,,
1430927426.23373,pg_catalog,pg_pltemplate,16,128,0,0,0,0,0,0,8,0,16,8,0,0,,,,
1430927426.23373,public,history,1,120000,,,936368,0,0,0,915515,0,15739,848816,,,,,,
1430927426.23373,pg_catalog,pg_description,2,7372,252,0,0,0,0,0,3686,0,64,32,6,501,0,0,0,0
1430927426.23373,pg_catalog,pg_language,4,16,10,10,0,0,0,0,4,0,2,13,4,18,,,,
1430927426.23373,information_schema,sql_sizing_profiles,1,0,,,0,0,0,0,0,0,0,0,,,0,0,0,0
1430927426.23373,pg_catalog,pg_ts_parser,3,3,0,0,0,0,0,0,1,0,2,2,0,0,,,,
1430927426.23373,public,item,4,400000,8981436,8972722,100000,0,0,0,100000,0,3845,8980524,276,18005358,,,,
1430927426.23373,pg_catalog,pg_event_trigger,3,0,27,0,0,0,0,0,0,0,0,0,2,25,,,,
1430927426.23373,pg_catalog,pg_shseclabel,16,0,7,0,0,0,0,0,0,0,0,0,7,0,,,,
1430927426.23373,pg_catalog,pg_foreign_table,2,0,0,0,0,0,0,0,0,0,0,0,0,0,,,,
1430927426.23373,pg_toast,pg_toast_12659,0,0,0,0,0,0,0,0,0,0,0,0,0,0,,,,
1430927426.23373,public,new_order,4,144000,1517800,1361036,890973,0,586160,0,296043,283804,3573,24705533,4730,21190258,,,,
1430927426.23373,pg_catalog,pg_attrdef,3,0,0,0,0,0,0,0,0,0,0,0,0,0,0,0,0,0
1430927426.23373,pg_catalog,pg_ts_template,3,15,0,0,0,0,0,0,5,0,2,2,0,0,,,,
1430927426.23373,pg_catalog,pg_foreign_server,3,0,0,0,0,0,0,0,0,0,0,0,0,0,,,,
1430927426.23373,pg_catalog,pg_default_acl,3,0,59,0,0,0,0,0,0,0,0,0,2,57,,,,
1430927426.23373,pg_toast,pg_toast_12634,0,0,0,0,0,0,0,0,0,0,0,0,0,0,,,,
1430927426.23373,pg_catalog,pg_attribute,92,8366,11927,55104,1401,20,1219,3,2491,0,224,19759,59,29802,,,,
1430927426.23373,pg_catalog,pg_statistic,2,798,16166,15945,92,719,0,207,491,83,119,18069,13,33736,80,7584,4,5126
1430927426.23373,information_schema,sql_sizing,1,23,,,0,0,0,0,23,0,2,0,,,0,0,0,0
1430927426.23373,pg_toast,pg_toast_2618,0,0,97,305,0,0,0,0,0,0,51,82,4,117,,,,
1430927426.23373,pg_toast,pg_toast_3596,0,0,0,0,0,0,0,0,0,0,0,0,0,0,,,,
1430927426.23373,public,stock,4,1600000,22031946,18131471,400000,8972700,0,0,410950,390697,134480,36582786,3807,93590722,,,,
1430927426.23373,pg_catalog,pg_depend,3,20214,2731,2507,348,0,256,0,6672,256,106,3178,39,6884,,,,
1430927426.23373,public,customer,6,720000,3857700,9534363,120000,1575268,0,1430905,119479,60274,80920,12634112,2650,12566284,,,,
1430927426.23373,information_schema,sql_languages,1,4,,,0,0,0,0,4,0,2,0,,,0,0,0,0
1430927426.23373,pg_catalog,pg_opclass,19,400,1141,14568,0,0,0,0,128,0,9,5452,12,1369,,,,
1430927426.23373,pg_catalog,pg_proc,3,8073,2495,3336,6,0,0,0,2691,0,168,3005,38,5260,0,0,0,0
1430927426.23373,pg_catalog,pg_trigger,4,0,0,0,0,0,0,0,0,0,0,0,0,0,0,0,0,0
1430927426.23373,pg_catalog,pg_am,172,184,0,0,0,0,0,0,5,0,3,170,0,0,,,,
1430927426.23373,pg_catalog,pg_largeobject_metadata,2,0,0,0,0,0,0,0,0,0,0,0,0,0,,,,
1430927426.23373,pg_catalog,pg_ts_config_map,2,608,0,0,0,0,0,0,304,0,4,2,0,0,,,,
1430927426.23373,pg_catalog,pg_type,3,1099,3782,3423,173,0,151,0,361,0,40,3834,25,8259,,,,
1430927426.23373,pg_catalog,pg_shdepend,24,24,2718,680,0,0,0,0,1,0,16,696,64,2829,,,,
1430927426.23373,pg_catalog,pg_conversion,4,528,0,0,0,0,0,0,132,0,6,9,0,0,,,,
1430927426.23373,pg_catalog,pg_foreign_data_wrapper,3,0,0,0,0,0,0,0,0,0,0,0,0,0,,,,
1430927426.23373,pg_catalog,pg_opfamily,3,258,0,0,0,0,0,0,86,0,4,4,0,0,,,,
1430927426.23373,pg_catalog,pg_shdescription,16,48,7,0,0,0,0,0,3,0,16,8,14,0,0,0,0,0
1430927426.23373,pg_catalog,pg_tablespace,47,94,673,673,0,0,0,0,2,0,23,705,37,1323,,,,
1430927426.23373,pg_catalog,pg_inherits,3,0,84,0,0,0,0,0,0,0,0,0,2,82,,,,
1430927426.23373,pg_toast,pg_toast_2606,0,0,0,0,0,0,0,0,0,0,0,0,0,0,,,,
1430927426.23373,pg_toast,pg_toast_2964,0,0,0,0,0,0,0,0,0,0,0,0,0,0,,,,
1430927426.23373,pg_catalog,pg_database,297,1057,4499,4483,8,0,7,0,4,0,8,4810,82,6720,,,,
1430927426.23373,pg_toast,pg_toast_2620,0,0,0,0,0,0,0,0,0,0,0,0,0,0,,,,
1430927426.23373,pg_catalog,pg_amproc,19,1064,816,1216,0,0,0,0,344,0,9,842,9,1781,,,,
1430927426.23373,pg_catalog,pg_collation,3,2766,0,0,0,0,0,0,922,0,56,56,0,0,,,,
1430927426.23373,pg_catalog,pg_constraint,5,50,8,0,8,0,0,0,10,0,6,33,8,64,0,0,0,0
1430927426.23373,pg_catalog,pg_range,2,12,2,0,0,0,0,0,6,0,2,1,2,2,,,,
1430927426.23373,pg_toast,pg_toast_12639,0,0,0,0,0,0,0,0,0,0,0,0,0,0,,,,
1430927426.23373,pg_toast,pg_toast_12654,0,0,0,0,0,0,0,0,0,0,0,0,0,0,,,,
1430927426.23373,pg_catalog,pg_user_mapping,3,0,0,0,0,0,0,0,0,0,0,0,0,0,,,,
1430927426.23373,pg_catalog,pg_largeobject,2,0,0,0,0,0,0,0,0,0,0,0,0,0,,,,
1430927426.23373,pg_catalog,pg_namespace,19,114,1260,1113,0,0,0,0,6,0,3,1130,12,1429,,,,
1430927426.23373,information_schema,sql_packages,1,10,,,0,0,0,0,10,0,2,0,,,0,0,0,0
1430927426.23373,pg_catalog,pg_authid,147,147,2018,2018,0,0,0,0,1,0,23,2150,76,3964,,,,
1430927426.23373,pg_catalog,pg_index,97,4813,4497,5422,27,0,17,0,123,17,13,4759,12,4839,,,,
1430927426.23373,pg_catalog,pg_ts_dict,3,48,0,0,0,0,0,0,16,0,2,2,0,0,,,,
1430927426.23373,public,order_line,4,4552236,1670312,20717318,10110759,7927265,0,4770902,9918231,2924744,221036,35354857,76289,47362784,,,,
1430927426.23373,pg_catalog,pg_class,209,20063,15951,14722,122,324,101,41,316,0,38,17715,35,24434,,,,
1430927426.23373,pg_toast,pg_toast_2396,0,0,0,0,0,0,0,0,0,0,0,0,0,0,,,,
1430927426.23373,pg_catalog,pg_enum,4,0,0,0,0,0,0,0,0,0,0,0,0,0,,,,
1430927426.23373,pg_catalog,pg_db_role_setting,23,0,4576,0,0,0,0,0,0,0,0,0,18,4558,0,0,0,0
1430927426.23373,pg_toast,pg_toast_12649,0,0,0,0,0,0,0,0,0,0,0,0,0,0,,,,
1430927426.23373,information_schema,sql_parts,1,9,,,0,0,0,0,9,0,2,0,,,0,0,0,0
1430927426.23373,pg_catalog,pg_seclabel,2,0,252,0,0,0,0,0,0,0,0,0,2,250,0,0,0,0
1430927426.23373,information_schema,sql_implementation_info,1,12,,,0,0,0,0,12,0,2,0,,,0,0,0,0
1430927426.23373,pg_toast,pg_toast_2609,0,0,0,0,0,0,0,0,0,0,0,0,0,0,,,,
1430927426.23373,pg_toast,pg_toast_1255,0,0,0,0,0,0,0,0,0,0,0,0,0,0,,,,
1430927426.23373,pg_toast,pg_toast_12644,0,0,0,0,0,0,0,0,0,0,0,0,0,0,,,,
1430927426.23373,pg_catalog,pg_rewrite,3,327,51,51,0,0,0,0,109,0,27,68,4,84,51,82,8,234
1430927426.23373,pg_catalog,pg_ts_config,3,48,0,0,0,0,0,0,16,0,2,2,0,0,,,,
1430927426.23373,pg_catalog,pg_extension,3,3,0,0,0,0,0,0,1,0,2,2,0,0,,,,
1430927426.23373,public,district,491343,17990240,3152023,3152023,40,1671341,0,1653722,40,34721,2612,177025232,11,6474473,,,,
1430927426.23373,pg_catalog,pg_amop,4,1744,1324,1713,0,0,0,0,436,0,12,1721,23,2836,,,,
1430927426.23373,pg_catalog,pg_cast,3,594,8017,1777,0,0,0,0,198,0,6,1779,6,8119,,,,
1430927426.23373,pg_toast,pg_toast_2619,0,0,4767,14352,267,0,206,0,49,76,80,7584,4,5126,,,,
1430927426.23373,pg_toast,pg_toast_12629,0,0,0,0,0,0,0,0,0,0,0,0,0,0,,,,
1430927426.23373,public,warehouse,639012,1930452,2005100,2005100,4,816368,0,798187,2,19436,1303,127017146,5,2285922,,,,
1430927426.23373,public,orders,6,720000,1593781,2717271,974973,758900,0,578625,966483,159715,10960,4918866,12213,11050034,,,,
1430927426.23373,pg_toast,pg_toast_2604,0,0,0,0,0,0,0,0,0,0,0,0,0,0,,,,
1430927426.23373,information_schema,sql_features,1,672,,,0,0,0,0,672,0,14,0,,,0,0,0,0
1430927486.23807,pg_catalog,pg_auth_members,24,0,0,0,0,0,0,0,0,0,0,0,0,0,,,,
1430927486.23807,pg_catalog,pg_operator,3,2295,1673,10263,0,0,0,0,765,0,43,7189,23,3578,,,,
1430927486.23807,pg_catalog,pg_aggregate,2,266,90,90,0,0,0,0,133,0,6,90,6,134,,,,
1430927486.23807,pg_catalog,pg_pltemplate,16,128,0,0,0,0,0,0,8,0,16,8,0,0,,,,
1430927486.23807,public,history,1,120000,,,1075465,0,0,0,1058603,0,17324,991123,,,,,,
1430927486.23807,pg_catalog,pg_description,2,7372,252,0,0,0,0,0,3686,0,64,32,6,501,0,0,0,0
1430927486.23807,pg_catalog,pg_language,4,16,10,10,0,0,0,0,4,0,2,13,4,18,,,,
1430927486.23807,information_schema,sql_sizing_profiles,1,0,,,0,0,0,0,0,0,0,0,,,0,0,0,0
1430927486.23807,pg_catalog,pg_ts_parser,3,3,0,0,0,0,0,0,1,0,2,2,0,0,,,,
1430927486.23807,public,item,4,400000,10515552,10505276,100000,0,0,0,100000,0,3845,10513078,276,21080803,,,,
1430927486.23807,pg_catalog,pg_event_trigger,3,0,27,0,0,0,0,0,0,0,0,0,2,25,,,,
1430927486.23807,pg_catalog,pg_shseclabel,16,0,7,0,0,0,0,0,0,0,0,0,7,0,,,,
1430927486.23807,pg_catalog,pg_foreign_table,2,0,0,0,0,0,0,0,0,0,0,0,0,0,,,,
1430927486.23807,pg_toast,pg_toast_12659,0,0,0,0,0,0,0,0,0,0,0,0,0,0,,,,
1430927486.23807,public,new_order,4,144000,1775780,1591581,1036962,0,685220,0,338286,119515,3903,31595880,5254,24638380,,,,
1430927486.23807,pg_catalog,pg_attrdef,3,0,0,0,0,0,0,0,0,0,0,0,0,0,0,0,0,0
1430927486.23807,pg_catalog,pg_ts_template,3,15,0,0,0,0,0,0,5,0,2,2,0,0,,,,
1430927486.23807,pg_catalog,pg_foreign_server,3,0,0,0,0,0,0,0,0,0,0,0,0,0,,,,
1430927486.23807,pg_catalog,pg_default_acl,3,0,59,0,0,0,0,0,0,0,0,0,2,57,,,,
1430927486.23807,pg_toast,pg_toast_12634,0,0,0,0,0,0,0,0,0,0,0,0,0,0,,,,
1430927486.23807,pg_catalog,pg_attribute,92,8366,12705,60319,1401,20,1219,3,2491,0,234,20953,62,31361,,,,
1430927486.23807,pg_catalog,pg_statistic,2,798,18271,18044,92,719,0,207,491,74,123,20164,15,37949,80,8504,4,5766
1430927486.23807,information_schema,sql_sizing,1,23,,,0,0,0,0,23,0,2,0,,,0,0,0,0
1430927486.23807,pg_toast,pg_toast_2618,0,0,102,321,0,0,0,0,0,0,57,83,6,123,,,,
1430927486.23807,pg_toast,pg_toast_3596,0,0,0,0,0,0,0,0,0,0,0,0,0,0,,,,
1430927486.23807,public,stock,4,1600000,25758032,21226574,400000,10505252,0,0,407845,2408121,136196,44174486,3931,109533782,,,,
1430927486.23807,pg_catalog,pg_depend,3,20214,2731,2507,348,0,256,0,6672,256,106,3178,39,6884,,,,
1430927486.23807,public,customer,6,720000,4514976,11167420,120000,1843355,0,1677114,119844,39097,81700,14817903,2675,14691648,,,,
1430927486.23807,information_schema,sql_languages,1,4,,,0,0,0,0,4,0,2,0,,,0,0,0,0
1430927486.23807,pg_catalog,pg_opclass,19,400,1156,14750,0,0,0,0,128,0,9,5519,12,1391,,,,
1430927486.23807,pg_catalog,pg_proc,3,8073,2573,3449,6,0,0,0,2691,0,181,3085,50,5414,0,0,0,0
1430927486.23807,pg_catalog,pg_trigger,4,0,0,0,0,0,0,0,0,0,0,0,0,0,0,0,0,0
1430927486.23807,pg_catalog,pg_am,176,188,0,0,0,0,0,0,5,0,3,174,0,0,,,,
1430927486.23807,pg_catalog,pg_largeobject_metadata,2,0,0,0,0,0,0,0,0,0,0,0,0,0,,,,
1430927486.23807,pg_catalog,pg_ts_config_map,2,608,0,0,0,0,0,0,304,0,4,2,0,0,,,,
1430927486.23807,pg_catalog,pg_type,3,1099,3874,3515,173,0,151,0,361,0,41,3925,25,8448,,,,
1430927486.23807,pg_catalog,pg_shdepend,24,24,2718,680,0,0,0,0,1,0,16,696,64,2829,,,,
1430927486.23807,pg_catalog,pg_conversion,4,528,0,0,0,0,0,0,132,0,6,9,0,0,,,,
1430927486.23807,pg_catalog,pg_foreign_data_wrapper,3,0,0,0,0,0,0,0,0,0,0,0,0,0,,,,
1430927486.23807,pg_catalog,pg_opfamily,3,258,0,0,0,0,0,0,86,0,4,4,0,0,,,,
1430927486.23807,pg_catalog,pg_shdescription,16,48,7,0,0,0,0,0,3,0,16,8,14,0,0,0,0,0
1430927486.23807,pg_catalog,pg_tablespace,47,94,673,673,0,0,0,0,2,0,23,705,37,1323,,,,
1430927486.23807,pg_catalog,pg_inherits,3,0,84,0,0,0,0,0,0,0,0,0,2,82,,,,
1430927486.23807,pg_toast,pg_toast_2606,0,0,0,0,0,0,0,0,0,0,0,0,0,0,,,,
1430927486.23807,pg_toast,pg_toast_2964,0,0,0,0,0,0,0,0,0,0,0,0,0,0,,,,
1430927486.23807,pg_catalog,pg_database,297,1057,4499,4483,8,0,7,0,4,0,8,4810,82,6720,,,,
1430927486.23807,pg_toast,pg_toast_2620,0,0,0,0,0,0,0,0,0,0,0,0,0,0,,,,
1430927486.23807,pg_catalog,pg_amproc,19,1064,830,1237,0,0,0,0,344,0,9,856,9,1813,,,,
1430927486.23807,pg_catalog,pg_collation,3,2766,0,0,0,0,0,0,922,0,56,56,0,0,,,,
1430927486.23807,pg_catalog,pg_constraint,5,50,8,0,8,0,0,0,10,0,6,33,8,64,0,0,0,0
1430927486.23807,pg_catalog,pg_range,2,12,2,0,0,0,0,0,6,0,2,1,2,2,,,,
1430927486.23807,pg_toast,pg_toast_12639,0,0,0,0,0,0,0,0,0,0,0,0,0,0,,,,
1430927486.23807,pg_toast,pg_toast_12654,0,0,0,0,0,0,0,0,0,0,0,0,0,0,,,,
1430927486.23807,pg_catalog,pg_user_mapping,3,0,0,0,0,0,0,0,0,0,0,0,0,0,,,,
1430927486.23807,pg_catalog,pg_largeobject,2,0,0,0,0,0,0,0,0,0,0,0,0,0,,,,
1430927486.23807,pg_catalog,pg_namespace,21,126,1398,1246,0,0,0,0,6,0,3,1265,14,1572,,,,
1430927486.23807,information_schema,sql_packages,1,10,,,0,0,0,0,10,0,2,0,,,0,0,0,0
1430927486.23807,pg_catalog,pg_authid,147,147,2018,2018,0,0,0,0,1,0,23,2150,76,3964,,,,
1430927486.23807,pg_catalog,pg_index,102,5428,4877,5895,27,0,17,0,123,17,13,5154,12,5228,,,,
1430927486.23807,pg_catalog,pg_ts_dict,3,48,0,0,0,0,0,0,16,0,2,2,0,0,,,,
1430927486.23807,public,order_line,4,4552236,1954168,24222340,11643311,9282262,0,5638884,11435949,3646784,243670,41089177,88987,56629482,,,,
1430927486.23807,pg_catalog,pg_class,215,21959,17603,16251,122,324,101,41,316,0,38,19293,37,26489,,,,
1430927486.23807,pg_toast,pg_toast_2396,0,0,0,0,0,0,0,0,0,0,0,0,0,0,,,,
1430927486.23807,pg_catalog,pg_enum,4,0,0,0,0,0,0,0,0,0,0,0,0,0,,,,
1430927486.23807,pg_catalog,pg_db_role_setting,23,0,4576,0,0,0,0,0,0,0,0,0,18,4558,0,0,0,0
1430927486.23807,pg_toast,pg_toast_12649,0,0,0,0,0,0,0,0,0,0,0,0,0,0,,,,
1430927486.23807,information_schema,sql_parts,1,9,,,0,0,0,0,9,0,2,0,,,0,0,0,0
1430927486.23807,pg_catalog,pg_seclabel,2,0,252,0,0,0,0,0,0,0,0,0,2,250,0,0,0,0
1430927486.23807,information_schema,sql_implementation_info,1,12,,,0,0,0,0,12,0,2,0,,,0,0,0,0
1430927486.23807,pg_toast,pg_toast_2609,0,0,0,0,0,0,0,0,0,0,0,0,0,0,,,,
1430927486.23807,pg_toast,pg_toast_1255,0,0,0,0,0,0,0,0,0,0,0,0,0,0,,,,
1430927486.23807,pg_toast,pg_toast_12644,0,0,0,0,0,0,0,0,0,0,0,0,0,0,,,,
1430927486.23807,pg_catalog,pg_rewrite,3,327,58,58,0,0,0,0,109,0,32,70,6,94,57,83,12,246
1430927486.23807,pg_catalog,pg_ts_config,3,48,0,0,0,0,0,0,16,0,2,2,0,0,,,,
1430927486.23807,pg_catalog,pg_extension,3,3,0,0,0,0,0,0,1,0,2,2,0,0,,,,
1430927486.23807,public,district,491343,17990240,3765119,3765119,40,1956427,0,1935366,40,1071,2612,181629549,11,7816010,,,,
1430927486.23807,pg_catalog,pg_amop,4,1744,1357,1754,0,0,0,0,436,0,13,1761,23,2910,,,,
1430927486.23807,pg_catalog,pg_cast,3,594,8086,1805,0,0,0,0,198,0,6,1807,6,8193,,,,
1430927486.23807,pg_toast,pg_toast_2619,0,0,5407,16432,267,0,206,0,49,76,80,8504,4,5766,,,,
1430927486.23807,pg_toast,pg_toast_12629,0,0,0,0,0,0,0,0,0,0,0,0,0,0,,,,
1430927486.23807,public,warehouse,639012,1930452,2429283,2429283,4,955465,0,934272,1,3475,1303,135079529,6,3353297,,,,
1430927486.23807,public,orders,6,720000,1864708,3391692,1120962,887890,0,676802,1110908,191968,12334,5975500,14086,12935738,,,,
1430927486.23807,pg_toast,pg_toast_2604,0,0,0,0,0,0,0,0,0,0,0,0,0,0,,,,
1430927486.23807,information_schema,sql_features,1,672,,,0,0,0,0,672,0,14,0,,,0,0,0,0
1430927546.24026,pg_catalog,pg_auth_members,24,0,0,0,0,0,0,0,0,0,0,0,0,0,,,,
1430927546.24026,pg_catalog,pg_operator,3,2295,1703,10293,0,0,0,0,765,0,46,7216,24,3648,,,,
1430927546.24026,pg_catalog,pg_aggregate,2,266,91,91,0,0,0,0,133,0,6,91,6,136,,,,
1430927546.24026,pg_catalog,pg_pltemplate,16,128,0,0,0,0,0,0,8,0,16,8,0,0,,,,
1430927546.24026,public,history,1,120000,,,1236954,0,0,0,1220092,0,21811,1174376,,,,,,
1430927546.24026,pg_catalog,pg_description,2,7372,252,0,0,0,0,0,3686,0,64,32,6,501,0,0,0,0
1430927546.24026,pg_catalog,pg_language,4,16,10,10,0,0,0,0,4,0,2,13,4,18,,,,
1430927546.24026,information_schema,sql_sizing_profiles,1,0,,,0,0,0,0,0,0,0,0,,,0,0,0,0
1430927546.24026,pg_catalog,pg_ts_parser,3,3,0,0,0,0,0,0,1,0,2,2,0,0,,,,
1430927546.24026,public,item,4,400000,12279471,12267471,100000,0,0,0,100000,0,3845,12275273,276,24617125,,,,
1430927546.24026,pg_catalog,pg_event_trigger,3,0,27,0,0,0,0,0,0,0,0,0,2,25,,,,
1430927546.24026,pg_catalog,pg_shseclabel,16,0,7,0,0,0,0,0,0,0,0,0,7,0,,,,
1430927546.24026,pg_catalog,pg_foreign_table,2,0,0,0,0,0,0,0,0,0,0,0,0,0,,,,
1430927546.24026,pg_toast,pg_toast_12659,0,0,0,0,0,0,0,0,0,0,0,0,0,0,,,,
1430927546.24026,public,new_order,4,144000,2071280,1855451,1205096,0,798600,0,392269,115825,4388,34080924,5410,27991703,,,,
1430927546.24026,pg_catalog,pg_attrdef,3,0,0,0,0,0,0,0,0,0,0,0,0,0,0,0,0,0
1430927546.24026,pg_catalog,pg_ts_template,3,15,0,0,0,0,0,0,5,0,2,2,0,0,,,,
1430927546.24026,pg_catalog,pg_foreign_server,3,0,0,0,0,0,0,0,0,0,0,0,0,0,,,,
1430927546.24026,pg_catalog,pg_default_acl,3,0,59,0,0,0,0,0,0,0,0,0,2,57,,,,
1430927546.24026,pg_toast,pg_toast_12634,0,0,0,0,0,0,0,0,0,0,0,0,0,0,,,,
1430927546.24026,pg_catalog,pg_attribute,92,8366,13480,63233,1401,20,1219,3,2491,0,235,21918,62,32921,,,,
1430927546.24026,pg_catalog,pg_statistic,2,798,18877,18642,92,856,0,327,491,160,130,20955,15,39203,103,9045,4,5979
1430927546.24026,information_schema,sql_sizing,1,23,,,0,0,0,0,23,0,2,0,,,0,0,0,0
1430927546.24026,pg_toast,pg_toast_2618,0,0,108,339,0,0,0,0,0,0,57,91,6,133,,,,
1430927546.24026,pg_toast,pg_toast_3596,0,0,0,0,0,0,0,0,0,0,0,0,0,0,,,,
1430927546.24026,public,stock,4,1600000,30063602,24786490,400000,12267442,0,0,392209,138171,140127,50430690,3933,127939952,,,,
1430927546.24026,pg_catalog,pg_depend,3,20214,2731,2507,348,0,256,0,6672,256,106,3178,39,6884,,,,
1430927546.24026,public,customer,6,720000,5274456,13107745,120000,2152594,0,1979548,119844,46832,81700,17318837,2675,17041708,,,,
1430927546.24026,information_schema,sql_languages,1,4,,,0,0,0,0,4,0,2,0,,,0,0,0,0
1430927546.24026,pg_catalog,pg_opclass,19,400,1206,15483,0,0,0,0,128,0,9,5765,13,1453,,,,
1430927546.24026,pg_catalog,pg_proc,3,8073,2657,3575,6,0,0,0,2691,0,181,3187,50,5594,0,0,0,0
1430927546.24026,pg_catalog,pg_trigger,4,0,0,0,0,0,0,0,0,0,0,0,0,0,0,0,0,0
1430927546.24026,pg_catalog,pg_am,184,196,0,0,0,0,0,0,5,0,3,182,0,0,,,,
1430927546.24026,pg_catalog,pg_largeobject_metadata,2,0,0,0,0,0,0,0,0,0,0,0,0,0,,,,
1430927546.24026,pg_catalog,pg_ts_config_map,2,608,0,0,0,0,0,0,304,0,4,2,0,0,,,,
1430927546.24026,pg_catalog,pg_type,3,1099,3996,3637,173,0,151,0,361,0,43,4045,26,8699,,,,
1430927546.24026,pg_catalog,pg_shdepend,24,24,2718,680,0,0,0,0,1,0,16,696,64,2829,,,,
1430927546.24026,pg_catalog,pg_conversion,4,528,0,0,0,0,0,0,132,0,6,9,0,0,,,,
1430927546.24026,pg_catalog,pg_foreign_data_wrapper,3,0,0,0,0,0,0,0,0,0,0,0,0,0,,,,
1430927546.24026,pg_catalog,pg_opfamily,3,258,0,0,0,0,0,0,86,0,4,4,0,0,,,,
1430927546.24026,pg_catalog,pg_shdescription,16,48,7,0,0,0,0,0,3,0,16,8,14,0,0,0,0,0
1430927546.24026,pg_catalog,pg_tablespace,47,94,683,683,0,0,0,0,2,0,24,714,39,1341,,,,
1430927546.24026,pg_catalog,pg_inherits,3,0,84,0,0,0,0,0,0,0,0,0,2,82,,,,
1430927546.24026,pg_toast,pg_toast_2606,0,0,0,0,0,0,0,0,0,0,0,0,0,0,,,,
1430927546.24026,pg_toast,pg_toast_2964,0,0,0,0,0,0,0,0,0,0,0,0,0,0,,,,
1430927546.24026,pg_catalog,pg_database,300,1069,4628,4612,8,0,7,0,4,0,8,4942,82,6871,,,,
1430927546.24026,pg_toast,pg_toast_2620,0,0,0,0,0,0,0,0,0,0,0,0,0,0,,,,
1430927546.24026,pg_catalog,pg_amproc,19,1064,874,1291,0,0,0,0,344,0,9,894,9,1909,,,,
1430927546.24026,pg_catalog,pg_collation,3,2766,0,0,0,0,0,0,922,0,56,56,0,0,,,,
1430927546.24026,pg_catalog,pg_constraint,5,50,8,0,8,0,0,0,10,0,6,33,8,64,0,0,0,0
1430927546.24026,pg_catalog,pg_range,2,12,2,0,0,0,0,0,6,0,2,1,2,2,,,,
1430927546.24026,pg_toast,pg_toast_12639,0,0,0,0,0,0,0,0,0,0,0,0,0,0,,,,
1430927546.24026,pg_toast,pg_toast_12654,0,0,0,0,0,0,0,0,0,0,0,0,0,0,,,,
1430927546.24026,pg_catalog,pg_user_mapping,3,0,0,0,0,0,0,0,0,0,0,0,0,0,,,,
1430927546.24026,pg_catalog,pg_largeobject,2,0,0,0,0,0,0,0,0,0,0,0,0,0,,,,
1430927546.24026,pg_catalog,pg_namespace,23,138,1542,1384,0,0,0,0,6,0,3,1405,14,1726,,,,
1430927546.24026,information_schema,sql_packages,1,10,,,0,0,0,0,10,0,2,0,,,0,0,0,0
1430927546.24026,pg_catalog,pg_authid,149,149,2039,2039,0,0,0,0,1,0,23,2173,78,4004,,,,
1430927546.24026,pg_catalog,pg_index,107,6043,5168,6285,27,0,17,0,123,17,13,5458,12,5535,,,,
1430927546.24026,pg_catalog,pg_ts_dict,3,48,0,0,0,0,0,0,16,0,2,2,0,0,,,,
1430927546.24026,public,order_line,4,4552236,2279618,28264263,13405501,10835560,0,6747008,13181729,4328605,271401,47064633,104918,66817612,,,,
1430927546.24026,pg_catalog,pg_class,229,25785,18778,17303,122,324,101,41,316,0,38,20497,37,27891,,,,
1430927546.24026,pg_toast,pg_toast_2396,0,0,0,0,0,0,0,0,0,0,0,0,0,0,,,,
1430927546.24026,pg_catalog,pg_enum,4,0,0,0,0,0,0,0,0,0,0,0,0,0,,,,
1430927546.24026,pg_catalog,pg_db_role_setting,23,0,4620,0,0,0,0,0,0,0,0,0,18,4602,0,0,0,0
1430927546.24026,pg_toast,pg_toast_12649,0,0,0,0,0,0,0,0,0,0,0,0,0,0,,,,
1430927546.24026,information_schema,sql_parts,1,9,,,0,0,0,0,9,0,2,0,,,0,0,0,0
1430927546.24026,pg_catalog,pg_seclabel,2,0,252,0,0,0,0,0,0,0,0,0,2,250,0,0,0,0
1430927546.24026,information_schema,sql_implementation_info,1,12,,,0,0,0,0,12,0,2,0,,,0,0,0,0
1430927546.24026,pg_toast,pg_toast_2609,0,0,0,0,0,0,0,0,0,0,0,0,0,0,,,,
1430927546.24026,pg_toast,pg_toast_1255,0,0,0,0,0,0,0,0,0,0,0,0,0,0,,,,
1430927546.24026,pg_toast,pg_toast_12644,0,0,0,0,0,0,0,0,0,0,0,0,0,0,,,,
1430927546.24026,pg_catalog,pg_rewrite,3,327,66,66,0,0,0,0,109,0,32,78,6,108,57,91,12,266
1430927546.24026,pg_catalog,pg_ts_config,3,48,0,0,0,0,0,0,16,0,2,2,0,0,,,,
1430927546.24026,pg_catalog,pg_extension,3,3,0,0,0,0,0,0,1,0,2,2,0,0,,,,
1430927546.24026,public,district,491343,17990240,4474983,4474983,40,2286050,0,2262898,40,6669,2615,187708540,11,9365264,,,,
1430927546.24026,pg_catalog,pg_amop,4,1744,1444,1853,0,0,0,0,436,0,13,1860,25,3096,,,,
1430927546.24026,pg_catalog,pg_cast,3,594,8390,1878,0,0,0,0,198,0,7,1879,7,8504,,,,
1430927546.24026,pg_toast,pg_toast_2619,0,0,5509,16648,375,0,314,0,71,108,103,9045,4,5979,,,,
1430927546.24026,pg_toast,pg_toast_12629,0,0,0,0,0,0,0,0,0,0,0,0,0,0,,,,
1430927546.24026,public,warehouse,639012,1930452,2920395,2920395,4,1116954,0,1092027,1,10697,1371,139553568,6,4590147,,,,
1430927546.24026,public,orders,6,720000,2175066,4252701,1289096,1035640,0,802193,1264782,44482,13285,7277402,18409,15034501,,,,
1430927546.24026,pg_toast,pg_toast_2604,0,0,0,0,0,0,0,0,0,0,0,0,0,0,,,,
1430927546.24026,information_schema,sql_features,1,672,,,0,0,0,0,672,0,14,0,,,0,0,0,0
1430927606.24323,pg_catalog,pg_auth_members,24,0,0,0,0,0,0,0,0,0,0,0,0,0,,,,
1430927606.24323,pg_catalog,pg_operator,3,2295,1719,10309,0,0,0,0,765,0,46,7232,24,3687,,,,
1430927606.24323,pg_catalog,pg_aggregate,2,266,92,92,0,0,0,0,133,0,6,92,6,138,,,,
1430927606.24323,pg_catalog,pg_pltemplate,16,128,0,0,0,0,0,0,8,0,16,8,0,0,,,,
1430927606.24323,public,history,1,120000,,,1380169,0,0,0,1363307,0,23424,1320817,,,,,,
1430927606.24323,pg_catalog,pg_description,2,7372,252,0,0,0,0,0,3686,0,64,32,6,501,0,0,0,0
1430927606.24323,pg_catalog,pg_language,4,16,10,10,0,0,0,0,4,0,2,13,4,18,,,,
1430927606.24323,information_schema,sql_sizing_profiles,1,0,,,0,0,0,0,0,0,0,0,,,0,0,0,0
1430927606.24323,pg_catalog,pg_ts_parser,3,3,0,0,0,0,0,0,1,0,2,2,0,0,,,,
1430927606.24323,public,item,4,400000,13847671,13834167,100000,0,0,0,100000,0,3845,13841969,276,27760867,,,,
1430927606.24323,pg_catalog,pg_event_trigger,3,0,27,0,0,0,0,0,0,0,0,0,2,25,,,,
1430927606.24323,pg_catalog,pg_shseclabel,16,0,7,0,0,0,0,0,0,0,0,0,7,0,,,,
1430927606.24323,pg_catalog,pg_foreign_table,2,0,0,0,0,0,0,0,0,0,0,0,0,0,,,,
1430927606.24323,pg_toast,pg_toast_12659,0,0,0,0,0,0,0,0,0,0,0,0,0,0,,,,
1430927606.24323,public,new_order,4,144000,2336800,2091432,1354426,0,899230,0,439464,217960,4492,38292260,6243,33380442,,,,
1430927606.24323,pg_catalog,pg_attrdef,3,0,0,0,0,0,0,0,0,0,0,0,0,0,0,0,0,0
1430927606.24323,pg_catalog,pg_ts_template,3,15,0,0,0,0,0,0,5,0,2,2,0,0,,,,
1430927606.24323,pg_catalog,pg_foreign_server,3,0,0,0,0,0,0,0,0,0,0,0,0,0,,,,
1430927606.24323,pg_catalog,pg_default_acl,3,0,59,0,0,0,0,0,0,0,0,0,2,57,,,,
1430927606.24323,pg_toast,pg_toast_12634,0,0,0,0,0,0,0,0,0,0,0,0,0,0,,,,
1430927606.24323,pg_catalog,pg_attribute,92,8366,13978,67111,1401,20,1219,3,2491,0,235,22657,62,33924,,,,
1430927606.24323,pg_catalog,pg_statistic,2,798,20418,20179,92,856,0,327,491,155,130,22492,15,42289,103,9965,4,6619
1430927606.24323,information_schema,sql_sizing,1,23,,,0,0,0,0,23,0,2,0,,,0,0,0,0
1430927606.24323,pg_toast,pg_toast_2618,0,0,112,353,0,0,0,0,0,0,57,97,6,139,,,,
1430927606.24323,pg_toast,pg_toast_3596,0,0,0,0,0,0,0,0,0,0,0,0,0,0,,,,
1430927606.24323,public,stock,4,1600000,33904319,27952226,400000,13834137,0,0,399691,132867,140161,56547814,3933,144334743,,,,
1430927606.24323,pg_catalog,pg_depend,3,20214,2731,2507,348,0,256,0,6672,256,106,3178,39,6884,,,,
1430927606.24323,public,customer,6,720000,5950267,14788401,120000,2428569,0,2243787,119052,27578,81702,19452191,2675,19162374,,,,
1430927606.24323,information_schema,sql_languages,1,4,,,0,0,0,0,4,0,2,0,,,0,0,0,0
1430927606.24323,pg_catalog,pg_opclass,19,400,1221,15665,0,0,0,0,128,0,9,5832,13,1476,,,,
1430927606.24323,pg_catalog,pg_proc,3,8073,2729,3675,6,0,0,0,2691,0,181,3271,50,5746,0,0,0,0
1430927606.24323,pg_catalog,pg_trigger,4,0,0,0,0,0,0,0,0,0,0,0,0,0,0,0,0,0
1430927606.24323,pg_catalog,pg_am,189,201,0,0,0,0,0,0,5,0,3,187,0,0,,,,
1430927606.24323,pg_catalog,pg_largeobject_metadata,2,0,0,0,0,0,0,0,0,0,0,0,0,0,,,,
1430927606.24323,pg_catalog,pg_ts_config_map,2,608,0,0,0,0,0,0,304,0,4,2,0,0,,,,
1430927606.24323,pg_catalog,pg_type,3,1099,4072,3713,173,0,151,0,361,0,43,4121,26,8855,,,,
1430927606.24323,pg_catalog,pg_shdepend,24,24,2718,680,0,0,0,0,1,0,16,696,64,2829,,,,
1430927606.24323,pg_catalog,pg_conversion,4,528,0,0,0,0,0,0,132,0,6,9,0,0,,,,
1430927606.24323,pg_catalog,pg_foreign_data_wrapper,3,0,0,0,0,0,0,0,0,0,0,0,0,0,,,,
1430927606.24323,pg_catalog,pg_opfamily,3,258,0,0,0,0,0,0,86,0,4,4,0,0,,,,
1430927606.24323,pg_catalog,pg_shdescription,16,48,7,0,0,0,0,0,3,0,16,8,14,0,0,0,0,0
1430927606.24323,pg_catalog,pg_tablespace,47,94,688,688,0,0,0,0,2,0,24,719,39,1351,,,,
1430927606.24323,pg_catalog,pg_inherits,3,0,84,0,0,0,0,0,0,0,0,0,2,82,,,,
1430927606.24323,pg_toast,pg_toast_2606,0,0,0,0,0,0,0,0,0,0,0,0,0,0,,,,
1430927606.24323,pg_toast,pg_toast_2964,0,0,0,0,0,0,0,0,0,0,0,0,0,0,,,,
1430927606.24323,pg_catalog,pg_database,303,1081,4698,4682,8,0,7,0,4,0,8,5015,82,6955,,,,
1430927606.24323,pg_toast,pg_toast_2620,0,0,0,0,0,0,0,0,0,0,0,0,0,0,,,,
1430927606.24323,pg_catalog,pg_amproc,19,1064,887,1311,0,0,0,0,344,0,9,907,9,1940,,,,
1430927606.24323,pg_catalog,pg_collation,3,2766,0,0,0,0,0,0,922,0,56,56,0,0,,,,
1430927606.24323,pg_catalog,pg_constraint,5,50,8,0,8,0,0,0,10,0,6,33,8,64,0,0,0,0
1430927606.24323,pg_catalog,pg_range,2,12,2,0,0,0,0,0,6,0,2,1,2,2,,,,
1430927606.24323,pg_toast,pg_toast_12639,0,0,0,0,0,0,0,0,0,0,0,0,0,0,,,,
1430927606.24323,pg_toast,pg_toast_12654,0,0,0,0,0,0,0,0,0,0,0,0,0,0,,,,
1430927606.24323,pg_catalog,pg_user_mapping,3,0,0,0,0,0,0,0,0,0,0,0,0,0,,,,
1430927606.24323,pg_catalog,pg_largeobject,2,0,0,0,0,0,0,0,0,0,0,0,0,0,,,,
1430927606.24323,pg_catalog,pg_namespace,25,150,1677,1515,0,0,0,0,6,0,3,1538,14,1867,,,,
1430927606.24323,information_schema,sql_packages,1,10,,,0,0,0,0,10,0,2,0,,,0,0,0,0
1430927606.24323,pg_catalog,pg_authid,150,150,2050,2050,0,0,0,0,1,0,23,2185,78,4026,,,,
1430927606.24323,pg_catalog,pg_index,112,6658,5400,6608,27,0,17,0,123,17,13,5705,12,5776,,,,
1430927606.24323,pg_catalog,pg_ts_dict,3,48,0,0,0,0,0,0,16,0,2,2,0,0,,,,
1430927606.24323,public,order_line,4,4552236,2571858,31901127,14972196,12231378,0,7682764,14734168,5020792,294470,52750571,118077,76146832,,,,
1430927606.24323,pg_catalog,pg_class,235,27681,19712,18114,122,324,101,41,316,0,39,21356,37,29005,,,,
1430927606.24323,pg_toast,pg_toast_2396,0,0,0,0,0,0,0,0,0,0,0,0,0,0,,,,
1430927606.24323,pg_catalog,pg_enum,4,0,0,0,0,0,0,0,0,0,0,0,0,0,,,,
1430927606.24323,pg_catalog,pg_db_role_setting,23,0,4648,0,0,0,0,0,0,0,0,0,18,4630,0,0,0,0
1430927606.24323,pg_toast,pg_toast_12649,0,0,0,0,0,0,0,0,0,0,0,0,0,0,,,,
1430927606.24323,information_schema,sql_parts,1,9,,,0,0,0,0,9,0,2,0,,,0,0,0,0
1430927606.24323,pg_catalog,pg_seclabel,2,0,252,0,0,0,0,0,0,0,0,0,2,250,0,0,0,0
1430927606.24323,information_schema,sql_implementation_info,1,12,,,0,0,0,0,12,0,2,0,,,0,0,0,0
1430927606.24323,pg_toast,pg_toast_2609,0,0,0,0,0,0,0,0,0,0,0,0,0,0,,,,
1430927606.24323,pg_toast,pg_toast_1255,0,0,0,0,0,0,0,0,0,0,0,0,0,0,,,,
1430927606.24323,pg_toast,pg_toast_12644,0,0,0,0,0,0,0,0,0,0,0,0,0,0,,,,
1430927606.24323,pg_catalog,pg_rewrite,3,327,72,72,0,0,0,0,109,0,32,84,6,118,57,97,12,278
1430927606.24323,pg_catalog,pg_ts_config,3,48,0,0,0,0,0,0,16,0,2,2,0,0,,,,
1430927606.24323,pg_catalog,pg_extension,3,3,0,0,0,0,0,0,1,0,2,2,0,0,,,,
1430927606.24323,public,district,491343,17990240,5105873,5105873,40,2578595,0,2552909,40,10102,2885,198397948,11,10744278,,,,
1430927606.24323,pg_catalog,pg_amop,4,1744,1471,1886,0,0,0,0,436,0,13,1893,25,3156,,,,
1430927606.24323,pg_catalog,pg_cast,3,594,8452,1901,0,0,0,0,198,0,7,1902,7,8570,,,,
1430927606.24323,pg_toast,pg_toast_2619,0,0,6149,18728,375,0,314,0,71,108,103,9965,4,6619,,,,
1430927606.24323,pg_toast,pg_toast_12629,0,0,0,0,0,0,0,0,0,0,0,0,0,0,,,,
1430927606.24323,public,warehouse,639012,1930452,3356155,3356155,4,1260169,0,1232036,1,16008,1408,145449505,6,5688541,,,,
1430927606.24323,public,orders,6,720000,2453850,5099465,1438426,1168400,0,903426,1412607,75489,14248,8510332,20353,16970296,,,,
1430927606.24323,pg_toast,pg_toast_2604,0,0,0,0,0,0,0,0,0,0,0,0,0,0,,,,
1430927606.24323,information_schema,sql_features,1,672,,,0,0,0,0,672,0,14,0,,,0,0,0,0
1430927666.24574,pg_catalog,pg_auth_members,24,0,0,0,0,0,0,0,0,0,0,0,0,0,,,,
1430927666.24574,pg_catalog,pg_operator,3,2295,1736,10326,0,0,0,0,765,0,46,7249,24,3729,,,,
1430927666.24574,pg_catalog,pg_aggregate,2,266,93,93,0,0,0,0,133,0,7,92,8,138,,,,
1430927666.24574,pg_catalog,pg_pltemplate,16,128,0,0,0,0,0,0,8,0,16,8,0,0,,,,
1430927666.24574,public,history,1,120000,,,1504155,0,0,0,1487293,0,24823,1447598,,,,,,
1430927666.24574,pg_catalog,pg_description,2,7372,252,0,0,0,0,0,3686,0,64,32,6,501,0,0,0,0
1430927666.24574,pg_catalog,pg_language,4,16,10,10,0,0,0,0,4,0,2,13,4,18,,,,
1430927666.24574,information_schema,sql_sizing_profiles,1,0,,,0,0,0,0,0,0,0,0,,,0,0,0,0
1430927666.24574,pg_catalog,pg_ts_parser,3,3,0,0,0,0,0,0,1,0,2,2,0,0,,,,
1430927666.24574,public,item,4,400000,15208580,15193768,100000,0,0,0,100000,0,3845,15201570,276,30489054,,,,
1430927666.24574,pg_catalog,pg_event_trigger,3,0,27,0,0,0,0,0,0,0,0,0,2,25,,,,
1430927666.24574,pg_catalog,pg_shseclabel,16,0,7,0,0,0,0,0,0,0,0,0,7,0,,,,
1430927666.24574,pg_catalog,pg_foreign_table,2,0,0,0,0,0,0,0,0,0,0,0,0,0,,,,
1430927666.24574,pg_toast,pg_toast_12659,0,0,0,0,0,0,0,0,0,0,0,0,0,0,,,,
1430927666.24574,public,new_order,4,144000,2568920,2295618,1483826,0,984520,0,482260,304564,5534,63273258,7664,40035474,,,,
1430927666.24574,pg_catalog,pg_attrdef,3,0,0,0,0,0,0,0,0,0,0,0,0,0,0,0,0,0
1430927666.24574,pg_catalog,pg_ts_template,3,15,0,0,0,0,0,0,5,0,2,2,0,0,,,,
1430927666.24574,pg_catalog,pg_foreign_server,3,0,0,0,0,0,0,0,0,0,0,0,0,0,,,,
1430927666.24574,pg_catalog,pg_default_acl,3,0,59,0,0,0,0,0,0,0,0,0,2,57,,,,
1430927666.24574,pg_toast,pg_toast_12634,0,0,0,0,0,0,0,0,0,0,0,0,0,0,,,,
1430927666.24574,pg_catalog,pg_attribute,92,8366,14374,70107,1401,20,1219,3,2491,0,236,23214,62,34723,,,,
1430927666.24574,pg_catalog,pg_statistic,2,798,21963,21718,92,856,0,327,491,135,130,24031,15,45384,103,11525,4,7699
1430927666.24574,information_schema,sql_sizing,1,23,,,0,0,0,0,23,0,2,0,,,0,0,0,0
1430927666.24574,pg_toast,pg_toast_2618,0,0,117,369,0,0,0,0,0,0,62,99,6,147,,,,
1430927666.24574,pg_toast,pg_toast_3596,0,0,0,0,0,0,0,0,0,0,0,0,0,0,,,,
1430927666.24574,public,stock,4,1600000,37244971,30699862,400000,15193732,0,0,445348,2392301,150497,74784123,4939,158631934,,,,
1430927666.24574,pg_catalog,pg_depend,3,20214,2731,2507,348,0,256,0,6672,256,106,3178,39,6884,,,,
1430927666.24574,public,customer,6,720000,6536407,16243263,120000,2668615,0,2411916,118314,81670,82863,21891439,2708,21372663,,,,
1430927666.24574,information_schema,sql_languages,1,4,,,0,0,0,0,4,0,2,0,,,0,0,0,0
1430927666.24574,pg_catalog,pg_opclass,19,400,1237,15848,0,0,0,0,128,0,9,5900,13,1500,,,,
1430927666.24574,pg_catalog,pg_proc,3,8073,2807,3788,6,0,0,0,2691,0,184,3361,51,5911,0,0,0,0
1430927666.24574,pg_catalog,pg_trigger,4,0,0,0,0,0,0,0,0,0,0,0,0,0,0,0,0,0
1430927666.24574,pg_catalog,pg_am,194,206,0,0,0,0,0,0,5,0,3,192,0,0,,,,
1430927666.24574,pg_catalog,pg_largeobject_metadata,2,0,0,0,0,0,0,0,0,0,0,0,0,0,,,,
1430927666.24574,pg_catalog,pg_ts_config_map,2,608,0,0,0,0,0,0,304,0,4,2,0,0,,,,
1430927666.24574,pg_catalog,pg_type,3,1099,4164,3805,173,0,151,0,361,0,44,4212,26,9044,,,,
1430927666.24574,pg_catalog,pg_shdepend,24,24,2718,680,0,0,0,0,1,0,16,696,64,2829,,,,
1430927666.24574,pg_catalog,pg_conversion,4,528,0,0,0,0,0,0,132,0,6,9,0,0,,,,
1430927666.24574,pg_catalog,pg_foreign_data_wrapper,3,0,0,0,0,0,0,0,0,0,0,0,0,0,,,,
1430927666.24574,pg_catalog,pg_opfamily,3,258,0,0,0,0,0,0,86,0,4,4,0,0,,,,
1430927666.24574,pg_catalog,pg_shdescription,16,48,7,0,0,0,0,0,3,0,16,8,14,0,0,0,0,0
1430927666.24574,pg_catalog,pg_tablespace,47,94,688,688,0,0,0,0,2,0,24,719,39,1351,,,,
1430927666.24574,pg_catalog,pg_inherits,3,0,84,0,0,0,0,0,0,0,0,0,2,82,,,,
1430927666.24574,pg_toast,pg_toast_2606,0,0,0,0,0,0,0,0,0,0,0,0,0,0,,,,
1430927666.24574,pg_toast,pg_toast_2964,0,0,0,0,0,0,0,0,0,0,0,0,0,0,,,,
1430927666.24574,pg_catalog,pg_database,303,1081,4698,4682,8,0,7,0,4,0,8,5015,82,6955,,,,
1430927666.24574,pg_toast,pg_toast_2620,0,0,0,0,0,0,0,0,0,0,0,0,0,0,,,,
1430927666.24574,pg_catalog,pg_amproc,19,1064,902,1334,0,0,0,0,344,0,9,922,9,1975,,,,
1430927666.24574,pg_catalog,pg_collation,3,2766,0,0,0,0,0,0,922,0,56,56,0,0,,,,
1430927666.24574,pg_catalog,pg_constraint,5,50,8,0,8,0,0,0,10,0,6,33,8,64,0,0,0,0
1430927666.24574,pg_catalog,pg_range,2,12,2,0,0,0,0,0,6,0,2,1,2,2,,,,
1430927666.24574,pg_toast,pg_toast_12639,0,0,0,0,0,0,0,0,0,0,0,0,0,0,,,,
1430927666.24574,pg_toast,pg_toast_12654,0,0,0,0,0,0,0,0,0,0,0,0,0,0,,,,
1430927666.24574,pg_catalog,pg_user_mapping,3,0,0,0,0,0,0,0,0,0,0,0,0,0,,,,
1430927666.24574,pg_catalog,pg_largeobject,2,0,0,0,0,0,0,0,0,0,0,0,0,0,,,,
1430927666.24574,pg_catalog,pg_namespace,27,162,1815,1648,0,0,0,0,6,0,3,1673,14,2012,,,,
1430927666.24574,information_schema,sql_packages,1,10,,,0,0,0,0,10,0,2,0,,,0,0,0,0
1430927666.24574,pg_catalog,pg_authid,150,150,2050,2050,0,0,0,0,1,0,23,2185,78,4026,,,,
1430927666.24574,pg_catalog,pg_index,117,7273,5557,6858,27,0,17,0,123,17,13,5877,12,5943,,,,
1430927666.24574,pg_catalog,pg_ts_dict,3,48,0,0,0,0,0,0,16,0,2,2,0,0,,,,
1430927666.24574,public,order_line,4,4552236,2826692,35081546,16331791,13451468,0,8147640,16081205,5983593,325919,59557654,132055,85677692,,,,
1430927666.24574,pg_catalog,pg_class,241,29577,20454,18733,122,324,101,41,316,0,40,22023,37,29889,,,,
1430927666.24574,pg_toast,pg_toast_2396,0,0,0,0,0,0,0,0,0,0,0,0,0,0,,,,
1430927666.24574,pg_catalog,pg_enum,4,0,0,0,0,0,0,0,0,0,0,0,0,0,,,,
1430927666.24574,pg_catalog,pg_db_role_setting,23,0,4648,0,0,0,0,0,0,0,0,0,18,4630,0,0,0,0
1430927666.24574,pg_toast,pg_toast_12649,0,0,0,0,0,0,0,0,0,0,0,0,0,0,,,,
1430927666.24574,information_schema,sql_parts,1,9,,,0,0,0,0,9,0,2,0,,,0,0,0,0
1430927666.24574,pg_catalog,pg_seclabel,2,0,252,0,0,0,0,0,0,0,0,0,2,250,0,0,0,0
1430927666.24574,information_schema,sql_implementation_info,1,12,,,0,0,0,0,12,0,2,0,,,0,0,0,0
1430927666.24574,pg_toast,pg_toast_2609,0,0,0,0,0,0,0,0,0,0,0,0,0,0,,,,
1430927666.24574,pg_toast,pg_toast_1255,0,0,0,0,0,0,0,0,0,0,0,0,0,0,,,,
1430927666.24574,pg_toast,pg_toast_12644,0,0,0,0,0,0,0,0,0,0,0,0,0,0,,,,
1430927666.24574,pg_catalog,pg_rewrite,3,327,79,79,0,0,0,0,109,0,35,88,6,130,62,99,12,294
1430927666.24574,pg_catalog,pg_ts_config,3,48,0,0,0,0,0,0,16,0,2,2,0,0,,,,
1430927666.24574,pg_catalog,pg_extension,3,3,0,0,0,0,0,0,1,0,2,2,0,0,,,,
1430927666.24574,public,district,491343,17990240,5652420,5652420,40,2831981,0,2798373,40,99429,5034,217108018,16,11966073,,,,
1430927666.24574,pg_catalog,pg_amop,4,1744,1504,1927,0,0,0,0,436,0,13,1934,25,3230,,,,
1430927666.24574,pg_catalog,pg_cast,3,594,8521,1929,0,0,0,0,198,0,7,1930,7,8644,,,,
1430927666.24574,pg_toast,pg_toast_2619,0,0,7229,21728,375,0,314,0,71,108,103,11525,4,7699,,,,
1430927666.24574,pg_toast,pg_toast_12629,0,0,0,0,0,0,0,0,0,0,0,0,0,0,,,,
1430927666.24574,public,warehouse,639012,1930452,3733527,3733527,4,1384155,0,1353623,1,59821,2506,170048775,6,6636639,,,,
1430927666.24574,public,orders,6,720000,2697343,5908580,1567826,1284460,0,963480,1540693,149926,15825,9737727,22566,18827142,,,,
1430927666.24574,pg_toast,pg_toast_2604,0,0,0,0,0,0,0,0,0,0,0,0,0,0,,,,
1430927666.24574,information_schema,sql_features,1,672,,,0,0,0,0,672,0,14,0,,,0,0,0,0
